15,449,2,277,172,,,,,,,,,,,,,,,,,,,,,,,,,,,
,,,Garden,Wild,,,,,,,,,,,,,,,,,,,,,,,,,,,
Ind,Pop,0C11_1,0C11_2,1G13_1,1G13_2,G07_1,G07_2,1F02_1,1F02_2,FIR031_1,FIR031_2,GOT009_1,GOT009_2,POR016_1,POR016_2,FIR013_1,FIR013_2,FIR043_1,FIR043_2,GOTO40_1,GOTO40_2,PIE039_1,PIE039_2,FIR53_1,FIR53_2,FIR048_1,FIR048_2,PIE125_1,PIE125_2,QpZAG9_1,QpZAG9_2
QAc-G-0029,Garden,210,212,171,175,206,206,165,165,148,148,225,239,118,118,135,139,116,116,232,232,165,165,137,140,206,210,139,145,256,262
QAc-G-0030,Garden,210,202,175,185,206,206,165,165,148,160,225,229,118,118,139,139,116,112,232,232,165,165,134,134,206,206,151,151,262,246
QAc-G-0031,Garden,212,202,175,185,206,206,165,165,148,146,229,235,118,118,139,139,116,112,232,232,165,167,137,134,206,210,151,151,262,262
QAc-G-0061,Garden,212,226,185,181,206,206,165,173,148,146,229,229,118,118,139,139,116,118,232,232,165,165,140,140,206,210,151,151,262,258
QAc-G-0062,Garden,226,216,175,179,206,206,163,167,154,154,239,235,118,118,139,139,122,122,232,232,165,167,137,134,190,202,139,157,258,254
QAc-G-0063,Garden,200,200,181,179,206,206,161,161,148,150,239,237,118,118,135,139,122,114,232,232,165,165,137,134,206,214,139,154,254,250
QAc-G-0064,Garden,202,216,179,179,206,206,161,161,138,138,239,233,124,124,139,139,120,130,232,232,165,165,137,134,202,202,151,157,256,258
QAc-G-0065,Garden,202,226,171,175,206,206,167,167,160,166,233,227,118,118,139,139,120,130,232,232,165,165,137,137,202,202,151,157,258,258
QAc-G-0066,Garden,226,200,181,181,206,206,161,161,148,146,225,235,118,118,139,139,116,122,232,232,165,167,134,134,210,212,151,157,250,250
QAc-G-0067,Garden,202,226,171,175,206,206,161,161,166,164,227,227,118,124,139,139,118,118,232,232,165,165,137,137,206,192,151,157,258,254
QAc-G-0068,Garden,226,200,175,181,206,206,161,161,142,142,225,235,116,116,137,137,122,122,232,232,165,167,137,137,210,212,151,157,256,254
QAc-G-0070,Garden,226,200,175,179,206,206,161,161,144,144,239,235,118,118,139,139,116,116,232,232,165,167,137,137,212,204,145,157,254,250
QAc-G-0071,Garden,212,226,173,173,0,0,0,0,144,144,225,235,118,118,139,139,122,122,232,232,165,167,134,134,210,210,139,151,250,242
QAc-G-0072,Garden,212,200,181,173,206,206,161,161,148,146,225,239,118,118,139,139,116,124,232,232,165,165,137,137,210,212,151,157,250,250
QAc-G-0073,Garden,212,200,171,173,206,206,167,161,144,144,235,235,118,118,135,135,116,114,232,232,165,165,140,140,192,184,139,157,258,252
QAc-G-0074,Garden,200,200,181,173,206,206,161,161,148,140,235,237,118,118,139,139,112,114,232,232,165,161,137,134,214,204,139,154,258,258
QAc-G-0075,Garden,212,202,171,175,206,206,163,161,144,140,235,237,118,118,139,139,116,114,232,232,165,161,140,134,214,216,151,157,246,248
QAc-G-0076,Garden,200,200,175,173,206,206,161,153,138,158,239,245,118,118,135,139,116,130,232,232,165,161,140,140,210,208,151,151,258,258
QAc-G-0077,Garden,202,216,181,181,206,206,165,173,148,146,239,233,118,118,139,139,116,116,232,232,165,165,140,140,210,200,151,151,262,262
QAc-G-0078,Garden,210,202,175,185,206,206,165,165,148,160,225,229,118,118,139,139,116,112,232,232,165,165,140,134,210,200,151,151,262,262
QAc-G-0079,Garden,210,200,171,185,206,206,165,165,148,146,229,229,118,118,139,139,116,112,232,232,165,165,134,134,210,200,151,151,262,262
QAc-G-0080,Garden,226,224,171,181,206,206,173,167,146,162,235,241,118,118,139,139,118,118,232,232,165,161,137,134,192,184,145,163,256,242
QAc-G-0081,Garden,200,218,185,177,206,206,163,171,148,152,237,231,118,118,135,135,116,114,232,232,165,165,137,134,202,198,151,157,254,242
QAc-G-0082,Garden,200,222,171,183,206,208,163,167,146,162,237,237,118,118,135,135,116,110,232,232,165,161,137,134,190,194,157,142,252,252
QAc-G-0083,Garden,216,200,179,173,206,206,161,161,146,146,239,233,118,118,139,139,116,112,232,232,165,165,140,140,204,194,151,151,254,242
QAc-G-0001,Garden,0,0,0,0,206,206,165,165,148,160,225,229,118,118,139,139,116,118,232,232,165,165,134,134,210,200,151,151,262,262
QAc-G-0002,Garden,210,202,171,185,206,206,165,165,148,146,225,229,118,118,139,139,116,118,232,232,165,165,140,134,206,210,139,151,262,262
QAc-G-0285,Garden,200,228,179,177,206,206,165,165,148,146,237,237,118,118,139,137,122,122,232,232,165,165,137,134,194,194,151,151,254,250
QAc-G-0286,Garden,212,200,181,173,206,206,161,161,146,144,225,235,118,118,139,139,122,122,232,232,165,167,137,134,210,210,151,154,254,250
QAc-G-0287,Garden,212,200,181,173,206,206,161,161,148,148,239,239,118,118,139,139,122,122,232,232,165,165,137,134,214,212,139,151,250,250
QAc-G-0288,Garden,226,200,0,0,206,206,161,161,148,148,225,239,118,118,139,137,116,116,232,232,165,165,137,134,206,214,154,154,250,250
QAc-G-0289,Garden,226,200,181,181,206,206,161,161,148,146,239,239,118,118,139,139,122,114,232,232,165,165,137,137,210,212,139,151,256,250
QAc-G-0290,Garden,226,200,181,173,206,206,161,161,148,148,225,239,118,118,139,139,122,122,232,232,165,165,137,137,210,212,151,157,256,254
QAc-G-0291,Garden,226,200,181,173,206,206,165,161,148,146,239,239,118,118,139,139,122,122,232,232,165,165,137,134,210,186,139,151,250,250
QAc-G-0292,Garden,200,214,181,179,206,206,163,161,154,154,239,237,118,118,139,139,116,122,232,232,165,165,137,134,194,186,139,151,254,250
QAc-G-0293,Garden,212,228,173,177,206,206,165,161,146,146,225,239,118,118,139,139,122,122,232,232,165,165,134,134,210,194,151,151,250,242
QAc-G-0294,Garden,212,200,171,171,206,206,165,163,150,152,235,245,118,124,135,139,116,116,232,232,165,161,137,134,210,202,151,157,246,258
QAc-G-0295,Garden,200,208,173,173,206,206,165,167,146,138,239,239,118,118,139,139,116,116,232,232,165,165,140,140,192,216,157,157,246,248
QAc-G-0296,Garden,200,224,181,173,206,206,161,161,144,140,235,237,118,124,139,139,120,130,232,232,165,165,137,140,192,208,151,157,246,258
QAc-G-0297,Garden,200,220,171,187,206,206,161,179,140,162,237,237,118,118,139,137,114,114,232,232,165,161,137,140,192,188,139,157,248,260
QAc-G-0298,Garden,212,208,0,0,206,206,165,161,138,144,237,237,118,118,139,139,116,120,232,232,161,161,140,134,192,216,139,157,256,258
QAc-G-0299,Garden,200,200,171,181,206,206,161,157,150,144,239,237,118,118,139,139,114,114,232,232,165,161,140,140,206,216,139,151,258,248
QAc-G-0300,Garden,212,200,171,173,206,206,163,167,144,140,235,233,118,118,139,139,116,130,232,232,165,165,137,137,192,208,157,157,256,258
QAc-G-0301,Garden,212,202,171,171,206,206,167,161,140,140,239,235,118,118,139,139,114,120,232,232,165,165,140,134,210,192,139,157,254,248
QAc-G-0302,Garden,210,208,171,187,206,208,163,161,148,166,237,227,118,118,139,137,114,124,232,238,165,165,137,134,200,194,157,160,256,246
QAc-G-0303,Garden,210,200,171,171,206,206,163,149,150,166,227,243,118,118,139,139,122,122,232,232,165,165,137,137,194,194,145,160,242,248
QAc-G-0304,Garden,212,224,173,173,206,206,161,161,146,146,239,239,118,118,139,139,116,122,232,232,165,165,134,134,212,186,139,151,256,250
QAc-G-0305,Garden,200,214,181,173,206,206,161,161,146,144,239,235,118,118,139,139,116,118,232,232,165,167,137,134,210,200,154,154,254,242
QAc-G-0306,Garden,226,200,181,181,206,206,161,161,148,148,235,235,118,118,139,139,122,122,232,232,165,167,134,134,210,212,151,154,254,250
QAc-G-0307,Garden,210,216,171,175,206,206,165,173,146,154,229,235,118,118,139,139,118,114,232,232,165,165,134,134,206,184,151,157,256,262
QAc-G-0308,Garden,212,226,181,181,206,206,173,173,144,158,235,235,118,118,139,137,116,118,232,232,165,165,140,134,210,184,151,151,256,262
QAc-G-0309,Garden,210,200,171,175,206,198,165,165,148,146,229,235,118,118,139,139,116,112,232,232,165,167,137,140,206,210,139,151,262,262
QAc-G-0310,Garden,212,200,171,175,206,206,165,165,148,146,229,229,118,118,139,139,116,112,232,232,165,165,137,140,206,206,151,151,262,262
QAc-G-0311,Garden,210,226,181,181,206,206,173,173,146,162,229,235,118,118,139,139,118,118,232,232,165,165,140,134,206,184,139,145,262,252
QAc-G-0312,Garden,210,216,171,175,206,206,173,161,146,152,235,241,118,118,139,139,116,118,232,232,165,165,137,134,192,184,145,163,256,248
QAc-G-0313,Garden,212,202,171,173,206,204,165,163,146,154,237,231,118,118,139,143,116,112,232,232,165,167,137,134,208,198,157,154,258,254
QAc-G-0314,Garden,212,202,173,183,206,206,163,177,148,152,237,231,118,118,139,139,116,114,232,238,165,161,137,140,206,196,157,157,256,258
QAc-G-0315,Garden,212,206,173,187,206,218,163,177,154,150,233,231,118,118,139,139,114,134,232,238,165,167,137,140,206,202,151,157,258,250
QAc-G-0316,Garden,212,200,179,187,206,208,163,171,148,154,225,231,118,118,139,139,118,118,232,232,165,165,137,137,206,198,151,157,258,264
QAc-G-0032,Garden,212,202,175,175,206,206,167,161,164,144,235,227,116,116,137,137,122,114,232,238,165,165,137,134,192,188,0,0,248,248
QAc-G-0033,Garden,200,200,171,171,206,206,161,161,148,140,235,233,118,124,139,139,116,114,232,232,165,165,137,140,206,216,151,157,246,248
QAc-G-0034,Garden,210,212,171,171,206,206,167,161,148,144,235,233,118,118,139,139,116,120,232,232,165,165,140,134,206,192,139,145,258,248
QAc-G-0035,Garden,200,200,181,189,206,206,165,161,144,152,235,233,118,124,135,139,116,114,232,232,165,165,137,134,190,202,157,157,254,260
QAc-G-0036,Garden,212,212,181,187,206,206,161,161,148,144,235,237,118,124,139,139,112,120,232,232,165,161,137,140,206,216,157,154,258,248
QAc-G-0037,Garden,200,200,181,173,206,206,165,167,146,152,239,235,118,124,135,139,116,130,232,220,165,165,140,134,210,192,157,157,258,252
QAc-G-0038,Garden,200,200,173,173,206,206,161,161,144,140,237,237,118,124,135,139,116,114,232,232,161,161,140,134,190,208,157,157,258,248
QAc-G-0039,Garden,210,212,181,173,206,206,165,163,148,152,235,237,118,118,135,139,116,116,232,232,165,165,137,137,202,208,157,157,246,258
QAc-G-0040,Garden,200,224,173,173,206,206,165,161,158,152,233,243,118,118,139,139,116,114,232,232,165,165,134,134,212,192,151,157,258,248
QAc-G-0041,Garden,200,200,179,173,206,206,165,161,144,140,235,243,118,124,135,139,116,120,232,220,165,165,140,134,184,216,157,157,258,258
QAc-G-0042,Garden,200,200,181,173,206,206,161,161,144,144,237,237,118,118,139,139,120,130,232,232,165,161,137,140,192,208,151,157,256,248
QAc-G-0043,Garden,212,200,181,173,206,206,165,161,138,144,237,243,118,118,135,135,116,130,232,232,165,161,140,134,210,184,151,157,258,260
QAc-G-0044,Garden,200,200,173,173,206,206,161,161,148,144,237,237,118,124,139,139,114,128,232,232,165,161,137,134,206,216,151,157,256,248
QAc-G-0045,Garden,200,200,171,181,206,206,161,161,144,140,235,233,118,118,139,139,116,118,232,232,165,165,140,134,206,192,139,157,258,258
QAc-G-0046,Garden,212,200,185,187,206,206,165,165,144,152,235,233,118,118,135,135,116,116,232,232,165,165,140,134,202,184,157,157,258,258
QAc-G-0047,Garden,200,200,181,173,206,206,165,167,148,152,235,237,118,118,135,139,116,116,232,232,165,165,137,140,202,200,151,157,258,260
QAc-G-0048,Garden,200,224,171,173,206,206,163,167,138,144,239,237,118,118,135,135,116,116,232,232,165,165,137,140,192,208,157,157,246,258
QAc-G-0049,Garden,212,202,175,175,206,206,165,165,148,146,225,235,118,118,139,139,116,118,232,232,165,167,137,140,210,200,151,151,262,262
QAc-G-0050,Garden,210,216,171,175,206,206,173,171,146,150,239,235,118,118,137,137,116,116,232,232,165,167,137,134,186,196,151,160,256,244
QAc-G-0051,Garden,210,202,175,185,206,206,165,165,146,146,229,235,118,118,139,139,116,112,232,232,165,167,140,134,210,200,139,151,262,242
QAc-G-0052,Garden,212,216,175,191,206,206,173,167,146,158,235,235,118,118,139,139,116,118,232,232,165,165,137,134,206,184,151,157,262,252
QAc-G-0053,Garden,212,226,181,181,206,206,173,173,148,148,239,233,118,118,135,139,116,118,232,232,165,165,140,140,206,206,151,151,262,262
QAc-G-0054,Garden,210,226,181,187,206,206,173,167,146,158,235,243,118,118,139,141,118,114,232,238,165,165,134,134,192,184,145,163,256,252
QAc-G-0055,Garden,210,226,171,181,206,206,165,173,146,158,235,237,118,118,139,139,118,114,232,232,165,161,134,134,184,196,145,142,256,252
QAc-G-0056,Garden,216,196,175,187,206,206,161,161,138,158,235,237,118,118,139,139,118,124,232,232,165,165,137,149,210,190,145,160,256,256
QAc-G-0057,Garden,210,200,171,175,206,206,165,165,148,160,229,235,118,118,139,139,116,118,232,232,165,167,140,134,210,200,151,151,262,242
QAc-G-0058,Garden,210,202,171,185,206,206,165,165,148,160,229,235,118,118,139,139,0,0,232,232,165,167,134,134,206,206,139,151,262,242
QAc-G-0059,Garden,210,216,175,185,206,206,173,171,146,146,235,237,118,118,135,135,118,118,232,232,165,161,134,131,202,184,145,157,252,252
QAc-G-0060,Garden,226,208,175,185,206,206,173,173,148,146,239,235,118,118,139,139,0,0,226,226,165,165,140,134,206,210,151,151,256,258
QAc-G-0276,Garden,226,224,181,173,206,206,161,161,144,152,239,235,118,118,139,139,112,122,232,232,165,167,140,134,210,194,139,154,242,242
QAc-G-0279,Garden,226,200,175,181,206,206,161,161,148,146,225,235,118,118,139,139,116,124,232,232,165,167,137,134,210,210,151,154,256,250
QAc-G-0280,Garden,212,200,0,0,206,206,161,161,148,146,225,239,118,118,139,139,124,124,232,232,165,165,134,134,210,208,151,157,256,254
QAc-G-0281,Garden,210,226,181,173,206,206,173,173,148,146,229,235,118,118,139,139,118,118,232,232,165,165,140,134,210,202,139,145,256,242
QAc-G-0018,Garden,212,200,171,173,206,206,167,161,148,144,235,235,118,118,139,139,118,126,232,232,165,165,140,134,206,216,139,157,258,248
QAc-G-0019,Garden,212,224,173,173,206,206,167,161,144,144,233,233,118,118,139,139,116,130,232,232,165,165,137,137,206,192,151,157,256,254
QAc-G-0020,Garden,200,200,173,173,206,206,165,165,144,152,233,243,118,124,135,139,116,116,234,234,165,165,137,134,192,184,157,157,258,252
QAc-G-0021,Garden,202,202,171,173,206,206,0,0,146,152,235,237,118,124,135,139,116,130,232,220,165,161,140,140,210,192,157,157,258,252
QAc-G-0022,Garden,202,200,171,187,206,206,0,0,138,140,239,237,118,118,139,139,116,114,232,232,165,165,137,140,192,192,145,157,258,242
QAc-G-0023,Garden,210,200,171,181,206,206,165,173,160,162,229,235,118,118,139,139,112,118,232,232,165,167,140,134,206,206,139,151,242,242
QAc-G-0024,Garden,212,200,171,171,206,206,165,165,148,160,229,229,118,118,139,139,116,118,232,232,165,165,137,140,206,206,139,151,262,246
QAc-G-0016,Garden,210,226,181,173,206,206,173,161,146,142,235,233,118,118,139,139,118,120,238,238,165,161,134,134,184,200,145,154,252,248
QAc-G-0017,Garden,210,202,171,183,206,204,163,167,144,144,239,231,118,118,139,139,122,122,232,232,165,165,137,134,202,204,157,157,258,248
QAc-G-0250,Garden,226,224,179,173,206,206,161,161,150,152,225,235,118,118,139,139,112,124,232,232,165,167,134,134,202,200,157,154,252,252
QAc-G-0003,Garden,226,200,0,0,206,206,161,161,146,144,235,235,118,118,139,139,116,122,232,232,165,167,137,137,210,214,151,154,256,250
QAc-G-0004,Garden,210,200,171,171,206,204,165,163,166,152,227,231,118,118,139,139,116,122,232,232,165,161,137,134,192,200,163,160,248,260
QAc-G-0005,Garden,202,226,171,175,206,206,167,161,166,166,227,227,118,118,139,139,122,130,232,232,165,165,137,137,206,192,151,157,258,258
QAc-G-0006,Garden,200,208,171,183,206,206,163,163,150,166,237,227,118,118,139,139,0,0,232,240,165,165,134,134,190,194,154,160,252,252
QAc-G-0283,Garden,220,238,183,187,206,206,163,167,138,144,235,237,118,118,139,139,112,114,232,232,165,165,137,134,190,194,157,154,242,242
QAc-G-0265,Garden,200,224,171,171,206,208,165,165,160,146,235,235,118,118,139,139,112,112,232,232,167,153,137,134,206,190,151,151,246,254
QAc-G-0266,Garden,212,202,175,175,206,206,165,165,148,146,225,235,118,118,139,139,116,118,232,232,165,167,140,134,206,210,139,151,262,242
QAc-G-0267,Garden,216,224,179,173,206,206,165,167,144,144,239,233,118,118,139,139,112,112,232,232,165,165,140,140,192,194,157,154,256,248
QAc-G-0268,Garden,226,200,0,0,206,206,161,161,148,150,241,241,118,118,0,0,122,122,232,236,165,169,134,134,210,208,151,154,0,0
QAc-G-0269,Garden,212,200,175,181,206,206,161,161,148,146,239,239,118,118,139,139,116,122,232,232,165,165,134,134,210,214,151,157,250,250
QAc-G-0270,Garden,212,224,171,173,206,206,161,161,148,140,237,237,118,118,139,139,120,130,232,232,165,161,137,140,206,216,0,0,256,258
QAc-G-0271,Garden,202,121,171,187,206,206,163,167,144,140,235,233,118,124,139,137,116,116,232,232,165,165,137,140,202,214,157,157,246,254
QAc-G-0272,Garden,200,224,181,173,206,206,161,161,148,144,237,237,118,118,139,139,116,114,232,232,165,161,137,134,206,192,0,0,246,248
QAc-G-0273,Garden,210,216,175,173,206,206,165,173,148,158,229,235,118,118,139,139,118,118,232,232,165,165,137,134,202,184,139,151,256,242
QAc-G-0274,Garden,202,216,171,179,206,206,167,161,138,166,239,233,124,124,139,139,120,130,232,232,165,165,137,137,206,202,151,157,256,258
QAc-G-0251,Garden,210,212,171,171,206,206,161,161,144,140,235,237,118,124,139,139,120,130,232,232,165,161,137,134,206,216,0,0,256,248
QAc-G-0252,Garden,210,212,171,173,206,206,161,161,138,140,235,237,118,118,139,137,114,120,232,232,165,161,134,134,210,192,157,157,258,248
QAc-G-0253,Garden,216,200,175,173,206,206,165,173,146,162,229,235,118,114,139,139,118,118,232,232,165,165,134,134,206,184,139,145,242,252
QAc-G-0254,Garden,210,202,175,185,206,206,165,165,148,146,229,229,118,114,139,139,116,118,232,232,165,165,137,140,206,210,151,151,262,242
QAc-G-0255,Garden,200,208,171,183,206,206,161,171,134,134,235,227,118,118,139,137,114,126,232,238,165,165,137,140,200,200,151,157,254,254
QAc-G-0256,Garden,200,214,171,181,206,206,163,161,146,166,233,227,118,118,139,139,122,114,232,238,165,165,137,134,202,200,151,160,248,248
QAc-G-0257,Garden,210,206,171,191,206,206,163,161,138,138,235,227,118,118,139,137,122,130,232,232,165,165,137,143,202,200,157,160,256,248
QAc-G-0258,Garden,210,204,171,183,206,206,163,161,144,134,237,227,118,122,139,137,122,122,238,244,165,161,137,140,202,200,151,157,254,248
QAc-G-0259,Garden,200,190,163,165,206,208,163,155,146,152,245,251,118,118,143,143,114,120,238,238,167,155,137,137,184,184,157,160,260,276
QAc-G-0260,Garden,226,200,185,173,206,206,161,171,138,138,233,245,118,118,139,139,122,130,238,238,165,165,137,140,206,220,151,163,256,250
QAc-G-0261,Garden,226,216,171,175,206,206,167,171,138,156,239,237,118,124,139,139,116,122,232,232,165,161,137,137,202,198,157,163,258,248
QAc-G-0262,Garden,226,200,175,173,206,206,163,171,138,156,239,237,118,114,139,139,112,122,232,238,165,165,137,137,202,202,151,163,248,248
QAc-G-0010,Garden,200,228,179,177,206,206,165,161,148,148,235,237,118,118,135,139,122,122,232,232,165,167,137,134,206,194,151,154,254,250
QAc-G-0011,Garden,210,212,179,173,206,206,163,167,148,154,231,231,118,118,141,141,116,114,232,232,165,165,137,137,206,198,157,157,258,258
QAc-G-0015,Garden,210,202,175,183,206,206,165,165,160,144,229,237,118,118,139,139,118,118,232,232,165,165,137,134,206,202,145,151,242,252
QAc-G-0106,Garden,210,198,171,191,206,206,161,161,166,140,237,227,118,118,139,139,122,120,238,238,165,161,134,143,202,200,151,163,248,248
QAc-G-0107,Garden,210,214,171,187,206,206,163,161,148,144,227,245,118,112,139,139,122,126,232,238,165,165,137,134,202,194,151,151,248,248
QAc-G-0108,Garden,210,232,171,173,206,206,163,161,144,144,239,227,118,118,139,137,114,114,238,238,165,161,137,134,202,200,151,151,246,258
QAc-G-0109,Garden,210,216,171,173,206,204,163,167,144,144,239,227,118,118,139,139,118,114,232,232,165,161,137,134,206,200,142,160,242,248
QAc-G-0110,Garden,200,200,171,187,206,206,161,175,144,144,235,227,118,118,139,139,114,114,232,238,165,161,137,134,210,200,151,154,242,248
QAc-G-0111,Garden,210,200,171,187,206,206,163,167,146,144,237,227,118,118,139,139,116,122,232,238,165,165,137,134,194,194,157,160,242,248
QAc-G-0112,Garden,210,210,171,183,206,218,165,161,144,144,237,227,118,118,139,139,122,122,238,238,165,165,137,134,200,186,151,151,256,246
QAc-G-0113,Garden,226,216,171,171,206,206,173,161,150,144,237,227,118,118,139,137,114,124,232,238,165,165,134,134,194,194,151,157,258,248
QAc-G-0114,Garden,200,206,171,183,206,206,161,157,148,148,235,227,118,118,139,137,122,126,232,232,165,165,140,134,194,188,157,160,248,260
QAc-G-0115,Garden,212,200,171,183,206,206,163,169,166,158,239,227,118,118,139,137,122,128,238,238,165,167,137,137,204,200,157,160,252,248
QAc-G-0116,Garden,210,206,171,171,206,206,163,161,144,152,239,227,118,118,139,139,118,122,232,232,165,167,137,134,202,200,151,160,242,248
QAc-G-0117,Garden,200,214,171,171,206,206,167,161,146,144,237,233,118,118,139,139,116,118,232,232,165,161,137,137,202,194,151,157,258,252
QAc-G-0118,Garden,200,206,171,179,206,206,161,157,144,134,237,227,118,118,139,137,122,128,232,238,165,161,134,143,204,200,151,157,256,246
QAc-G-0119,Garden,200,208,171,183,206,206,163,163,160,166,237,227,118,124,139,137,118,114,238,240,165,165,140,134,200,198,157,160,246,254
QAc-G-0120,Garden,210,212,171,183,206,206,161,175,144,152,237,227,118,118,139,137,118,114,232,232,165,165,137,128,194,188,151,157,246,254
QAc-G-0121,Garden,202,200,171,173,206,206,167,167,166,166,227,241,118,124,139,139,120,130,232,232,165,165,137,134,202,202,151,157,256,254
QAc-G-0122,Garden,202,200,179,173,206,206,161,161,166,166,239,241,118,118,139,139,122,122,232,232,165,165,137,134,206,202,151,157,258,258
QAc-G-0123,Garden,216,216,171,171,206,206,167,167,140,140,227,241,124,124,139,139,122,120,232,232,165,165,137,140,202,192,157,157,256,254
QAc-G-0124,Garden,202,216,171,171,206,206,167,161,140,140,227,241,118,118,139,139,0,0,232,232,165,165,137,137,206,192,151,157,256,254
QAc-G-0125,Garden,202,222,179,173,206,204,165,167,146,146,239,227,118,124,139,139,116,122,232,232,165,165,137,137,206,200,157,163,258,254
QAc-G-0126,Garden,202,206,171,173,206,206,173,167,144,144,239,235,118,118,139,139,118,122,232,238,165,165,137,137,202,196,157,157,258,240
QAc-G-0127,Garden,202,216,171,179,206,206,161,161,138,138,233,227,118,124,137,137,122,128,232,232,165,165,137,137,206,202,139,157,256,258
QAc-G-0128,Garden,202,226,171,175,206,206,167,161,166,166,239,233,118,118,139,139,122,122,232,232,165,165,137,137,206,192,151,157,256,258
QAc-G-0129,Garden,226,216,171,171,206,206,167,161,166,140,233,227,118,124,139,139,122,122,232,232,165,165,137,137,206,192,157,157,256,254
QAc-G-0130,Garden,216,216,179,179,206,206,167,161,144,144,233,227,118,118,137,137,122,128,232,232,165,165,137,137,202,202,151,157,258,258
QAc-G-0131,Garden,202,200,171,173,206,206,167,167,166,164,233,227,118,118,139,139,118,122,232,232,165,165,137,137,202,192,151,157,256,254
QAc-G-0132,Garden,202,216,171,171,206,206,161,161,146,146,227,241,124,124,139,139,122,130,232,232,165,165,137,137,204,200,151,157,258,258
QAc-G-0133,Garden,202,202,179,179,206,206,161,161,138,138,239,233,118,124,139,139,122,130,232,232,165,161,137,137,206,202,139,157,258,258
QAc-G-0134,Garden,226,200,171,175,206,206,167,167,160,140,227,241,118,118,139,139,122,128,232,232,165,165,137,137,192,192,151,157,258,254
QAc-G-0135,Garden,210,200,171,183,206,206,163,169,148,166,237,227,118,118,139,137,116,114,232,244,165,165,134,134,204,200,157,160,256,246
QAc-G-0136,Garden,210,216,171,187,206,206,163,161,144,144,235,227,118,118,139,139,112,122,232,232,165,167,137,134,200,194,151,160,252,248
QAc-G-0137,Garden,210,200,171,171,206,206,163,161,150,166,227,241,118,118,139,139,122,120,232,232,165,165,137,134,198,194,151,157,248,260
QAc-G-0138,Garden,210,216,171,183,206,206,161,171,154,166,237,227,118,118,139,139,118,114,238,238,165,165,137,134,200,194,151,151,242,242
QAc-G-0139,Garden,200,206,171,173,206,206,163,169,144,152,235,227,118,124,139,137,122,120,238,244,165,165,137,134,200,194,157,160,258,248
QAc-G-0140,Garden,214,214,171,181,206,206,163,161,146,144,233,233,118,118,139,139,0,0,238,238,165,165,137,137,202,192,151,160,258,248
QAc-G-0141,Garden,200,214,171,181,206,206,167,161,144,162,235,245,118,118,139,139,114,124,232,232,165,165,137,134,202,192,151,151,258,242
QAc-G-0142,Garden,210,204,171,183,206,206,161,157,144,134,237,227,118,118,139,137,122,114,232,238,165,165,137,134,204,200,151,157,246,260
QAc-G-0143,Garden,212,208,187,193,206,206,173,169,148,140,239,237,118,118,139,139,108,108,234,234,161,173,137,137,180,180,154,154,254,248
QAc-G-0144,Garden,210,204,171,173,206,230,163,177,142,144,237,227,118,118,139,139,0,0,232,236,165,167,140,134,200,194,154,160,252,252
QAc-G-0145,Garden,212,200,175,173,206,206,161,161,144,144,225,235,118,118,139,139,122,114,232,232,165,167,137,134,210,214,151,154,250,250
QAc-G-0146,Garden,202,226,171,179,206,206,167,161,140,140,239,233,118,124,139,139,118,120,232,232,165,165,137,137,202,192,151,157,256,254
QAc-G-0147,Garden,216,214,171,173,206,204,163,161,138,138,239,235,118,118,139,139,114,120,232,232,165,165,137,137,206,202,151,157,256,248
QAc-G-0148,Garden,214,214,173,187,206,206,165,161,150,150,235,233,118,118,139,139,120,126,232,238,165,167,137,137,198,194,157,163,256,248
QAc-G-0149,Garden,202,200,179,173,206,206,167,167,166,164,233,227,118,124,139,139,122,120,232,232,165,165,137,137,206,202,151,157,258,254
QAc-G-0150,Garden,226,200,175,181,206,206,161,161,148,146,235,235,118,118,139,139,122,122,232,232,165,167,137,134,210,212,151,157,250,250
QAc-G-0151,Garden,226,216,171,179,206,206,161,161,140,140,227,241,118,124,139,139,122,122,232,232,165,165,137,140,202,192,151,157,258,254
QAc-G-0152,Garden,226,216,171,179,206,206,167,167,140,140,239,241,118,124,139,139,118,120,232,232,165,165,137,140,206,192,157,157,256,254
QAc-G-0153,Garden,226,216,179,177,206,206,167,161,140,140,237,227,124,124,139,139,122,122,232,232,165,161,137,137,202,192,151,157,256,258
QAc-G-0154,Garden,202,216,171,179,206,206,161,161,144,144,239,233,118,124,139,139,122,128,232,232,165,161,137,134,206,202,151,157,258,258
QAc-G-0155,Garden,216,216,171,179,206,206,167,161,140,140,239,233,118,124,139,139,122,120,232,232,165,165,137,140,202,192,151,157,258,254
QAc-G-0158,Garden,226,216,175,179,206,206,167,167,166,166,233,227,118,118,139,139,122,128,232,232,165,165,137,137,206,202,151,157,256,254
QAc-G-0159,Garden,212,200,171,175,206,206,163,163,146,166,237,227,118,118,139,137,122,122,232,238,165,161,137,134,204,196,151,160,258,258
QAc-G-0160,Garden,212,200,181,181,206,206,161,161,148,148,239,239,118,118,139,139,122,122,232,232,165,165,137,134,212,186,151,154,250,250
QAc-G-0161,Garden,212,200,181,173,206,206,161,161,148,146,239,239,118,118,139,139,122,114,232,232,165,165,134,134,210,186,151,154,250,250
QAc-G-0162,Garden,200,224,175,173,206,206,161,161,148,154,239,235,118,118,139,139,112,114,232,232,165,167,134,134,216,194,157,154,258,252
QAc-G-0163,Garden,212,224,173,173,206,206,161,161,150,152,239,237,118,118,139,139,122,122,232,232,165,165,134,134,210,186,151,154,256,250
QAc-G-0164,Garden,212,200,181,173,206,206,161,159,146,146,225,225,118,118,139,139,122,114,232,232,165,165,137,134,210,186,145,151,250,250
QAc-G-0165,Garden,226,200,175,181,206,206,161,161,144,144,239,239,118,118,139,139,122,114,232,232,165,165,137,137,214,212,151,157,256,254
QAc-G-0166,Garden,226,200,175,173,206,206,161,161,148,148,239,239,118,118,139,139,122,114,232,232,165,165,134,134,210,208,151,154,256,250
QAc-G-0167,Garden,212,200,175,173,206,206,161,161,148,146,239,239,118,118,139,139,116,124,232,232,165,165,137,137,210,214,151,157,250,250
QAc-G-0168,Garden,212,200,175,181,206,206,161,161,148,146,239,239,118,118,139,139,122,114,232,232,165,165,134,134,210,210,151,154,250,250
QAc-G-0169,Garden,200,206,0,0,206,206,161,157,148,148,235,235,118,118,137,137,122,106,232,232,167,167,137,137,214,200,157,154,254,254
QAc-G-0170,Garden,212,200,175,173,206,206,161,161,146,144,225,235,118,118,139,139,122,122,232,232,165,167,137,137,210,210,151,157,256,254
QAc-G-0171,Garden,212,224,173,173,206,206,161,161,146,146,225,239,118,118,139,139,116,122,232,232,165,165,137,134,212,212,139,151,256,250
QAc-G-0172,Garden,210,200,171,175,206,206,167,161,166,152,227,231,118,118,139,139,118,114,232,238,165,161,137,137,214,194,151,163,242,242
QAc-G-0173,Garden,212,228,173,177,206,206,165,161,146,144,225,239,118,118,139,139,122,122,232,232,165,165,134,134,210,194,151,151,250,242
QAc-G-0174,Garden,228,214,179,177,206,206,165,161,144,144,235,233,118,118,139,139,112,122,232,232,165,167,137,134,210,194,139,151,250,248
QAc-G-0175,Garden,226,200,181,181,206,206,161,161,146,144,235,235,118,118,139,139,116,122,232,232,165,167,134,134,214,212,151,154,250,250
QAc-G-0176,Garden,212,200,181,173,206,206,161,161,148,148,225,239,118,118,139,139,122,122,232,232,165,165,137,134,212,216,151,157,256,252
QAc-G-0177,Garden,212,200,181,173,206,206,161,161,148,148,235,235,118,118,139,139,122,122,232,232,165,167,137,134,210,214,151,154,256,254
QAc-G-0178,Garden,226,226,179,173,206,206,161,159,146,146,225,225,118,118,139,137,122,114,232,232,165,165,137,134,206,210,145,151,254,250
QAc-G-0179,Garden,212,224,173,173,206,206,161,161,146,146,239,239,118,118,139,139,0,0,232,232,165,165,134,134,210,214,151,154,256,250
QAc-G-0180,Garden,212,200,181,173,206,206,161,161,148,148,239,239,118,118,139,139,122,114,232,232,165,165,137,134,214,212,151,154,250,250
QAc-G-0181,Garden,226,200,181,173,206,206,161,161,152,152,239,239,118,118,139,139,122,114,232,232,165,165,137,137,210,214,151,154,250,250
QAc-G-0182,Garden,226,200,179,173,206,204,161,161,146,146,239,233,118,118,139,139,112,122,232,232,165,165,137,134,194,186,154,154,250,248
QAc-G-0183,Garden,226,200,181,181,206,204,161,161,148,146,225,239,118,118,139,139,116,124,232,232,165,165,137,134,210,186,0,0,256,250
QAc-G-0184,Garden,226,200,175,181,206,206,161,161,144,144,239,239,118,118,139,139,122,114,232,232,165,165,137,134,210,210,151,154,250,250
QAc-G-0185,Garden,226,200,181,179,206,206,161,161,144,144,239,239,118,118,139,137,114,114,232,232,165,165,137,134,206,210,154,154,254,250
QAc-G-0186,Garden,212,224,173,173,206,206,161,161,152,152,239,239,118,118,139,139,122,114,232,232,165,165,137,134,212,186,151,154,250,250
QAc-G-0187,Garden,200,200,175,181,206,206,161,159,148,148,225,235,118,118,139,137,116,116,232,232,165,167,137,134,206,210,157,154,250,250
QAc-G-0188,Garden,200,208,181,183,206,206,161,171,144,152,239,237,118,118,137,137,116,126,232,232,165,165,134,143,202,214,157,157,254,250
QAc-G-0189,Garden,226,200,181,173,206,206,161,161,148,146,235,235,118,118,139,139,122,122,232,232,167,167,137,134,210,214,139,154,250,242
QAc-G-0190,Garden,212,200,175,173,206,206,161,161,148,148,225,235,118,118,139,139,122,122,232,232,165,167,137,134,210,212,151,157,256,254
QAc-G-0191,Garden,212,200,175,173,206,206,161,161,148,148,225,235,118,118,139,139,122,122,232,232,165,167,137,134,210,214,151,157,256,254
QAc-G-0192,Garden,212,200,181,173,206,206,161,161,148,146,225,239,118,118,139,139,122,122,232,232,165,165,137,134,212,186,139,151,250,250
QAc-G-0193,Garden,212,200,181,181,206,206,161,161,148,146,239,239,118,118,139,139,122,114,232,232,165,165,137,137,210,212,151,157,256,250
QAc-G-0194,Garden,212,200,181,173,206,206,161,161,148,146,235,235,118,118,139,139,122,114,232,232,165,167,137,137,210,210,151,157,256,250
QAc-G-0195,Garden,200,228,179,177,206,206,165,165,148,146,239,239,118,118,139,139,122,114,232,232,165,165,140,134,210,194,151,154,242,242
QAc-G-0196,Garden,200,224,175,177,206,206,161,161,148,148,239,235,118,118,139,139,116,116,232,232,165,167,137,134,210,194,139,154,250,250
QAc-G-0197,Garden,212,200,181,173,206,206,161,161,146,146,239,239,118,118,139,139,122,122,232,232,165,165,134,134,212,186,139,151,256,250
QAc-G-0198,Garden,200,224,175,173,206,206,161,161,148,148,239,239,118,118,139,139,122,114,232,232,165,165,137,134,214,214,139,157,250,250
QAc-G-0199,Garden,226,200,181,179,206,206,161,161,144,144,225,235,118,118,139,139,122,114,232,232,165,167,137,137,214,184,157,154,254,254
QAc-G-0200,Garden,212,200,181,173,206,206,161,161,144,144,239,235,118,118,139,139,116,124,232,232,165,167,137,134,210,208,151,154,256,250
QAc-G-0201,Garden,200,224,181,177,206,206,161,161,148,146,239,235,120,120,139,139,116,116,232,232,165,167,137,137,214,194,139,154,250,250
QAc-G-0202,Garden,0,0,181,173,206,206,165,161,144,144,225,235,118,118,139,139,122,122,232,232,165,167,137,134,210,194,139,151,250,242
QAc-G-0203,Garden,226,200,181,181,206,206,161,161,148,146,225,239,118,114,139,139,122,122,232,232,165,165,134,134,210,186,151,154,250,250
QAc-G-0204,Garden,212,200,175,173,206,206,161,161,146,144,225,235,118,118,139,139,116,124,232,232,165,167,134,134,210,210,151,157,254,250
QAc-G-0205,Garden,210,202,175,185,206,206,165,165,148,146,225,229,118,118,139,139,116,118,232,232,165,165,134,134,206,206,139,151,262,262
QAc-G-0206,Garden,210,208,185,185,206,206,165,171,148,146,225,235,118,118,139,137,116,112,232,232,165,161,140,134,206,202,139,157,262,252
QAc-G-0207,Garden,216,200,175,173,206,206,165,173,158,162,229,235,118,118,139,137,118,118,232,232,165,165,137,137,210,184,139,151,256,242
QAc-G-0208,Garden,212,202,171,175,206,206,165,165,148,160,225,235,118,118,139,139,116,118,232,232,165,167,137,140,206,206,151,151,262,242
QAc-G-0209,Garden,210,200,175,185,206,206,165,165,146,146,225,235,118,118,139,139,116,118,232,232,165,167,137,134,206,206,139,151,262,242
QAc-G-0210,Garden,210,226,185,181,206,206,165,173,148,146,235,241,118,112,139,137,116,116,232,232,165,165,140,140,206,200,139,151,262,262
QAc-G-0211,Garden,210,216,175,181,206,206,173,173,148,146,229,235,118,112,139,139,118,118,232,232,165,165,137,140,202,184,139,145,242,252
QAc-G-0212,Garden,212,202,175,181,206,206,165,173,148,138,229,235,118,118,139,139,116,116,232,232,165,165,134,134,206,206,139,151,256,262
QAc-G-0213,Garden,200,218,181,173,206,206,165,173,146,162,229,235,118,118,139,139,118,118,232,232,165,165,140,140,206,206,151,151,256,262
QAc-G-0214,Garden,212,202,175,175,206,206,165,165,148,146,229,229,118,118,139,139,116,112,232,232,165,165,134,134,206,210,139,151,262,246
QAc-G-0215,Garden,216,208,175,185,206,206,173,173,148,146,235,235,118,118,139,139,118,118,232,232,165,165,134,134,206,184,145,151,256,246
QAc-G-0216,Garden,200,200,171,171,206,208,165,163,146,146,235,237,118,118,139,139,118,122,232,236,165,167,137,134,210,194,151,151,242,252
QAc-G-0217,Garden,202,202,171,181,206,206,173,173,148,138,229,235,118,118,139,139,116,118,232,232,165,165,137,137,206,194,145,157,262,242
QAc-G-0218,Garden,202,218,181,181,206,206,173,173,148,138,235,235,118,114,139,139,116,116,232,232,165,165,137,140,210,210,151,157,256,242
QAc-G-0219,Garden,212,226,181,181,206,206,173,167,146,144,235,241,118,114,139,139,118,118,232,244,165,165,140,134,206,210,151,157,262,252
QAc-G-0220,Garden,212,218,181,181,206,206,165,173,138,156,229,241,118,118,139,139,118,138,232,232,165,165,137,140,206,210,151,157,262,246
QAc-G-0221,Garden,210,218,185,181,206,206,173,173,138,138,239,235,118,118,139,139,116,116,232,232,165,165,140,140,206,194,151,151,262,258
QAc-G-0222,Garden,212,200,175,185,206,206,165,165,148,146,225,229,118,118,139,139,116,118,232,232,165,165,137,140,206,206,139,151,262,246
QAc-G-0223,Garden,210,218,171,181,206,206,165,173,148,138,229,235,118,118,139,139,118,118,232,232,165,165,137,140,206,210,151,157,262,242
QAc-G-0224,Garden,212,216,175,181,206,206,165,173,148,146,235,235,118,118,139,137,118,118,232,232,165,167,137,137,210,210,145,151,246,252
QAc-G-0226,Garden,212,200,171,175,206,206,165,165,148,160,229,229,118,118,139,139,116,118,232,232,165,165,137,140,206,206,151,151,262,242
QAc-G-0227,Garden,212,224,171,173,206,206,163,161,148,144,237,233,118,124,139,139,120,130,232,232,165,161,137,134,206,192,139,157,256,258
QAc-G-0228,Garden,212,200,171,173,206,206,165,161,144,140,235,235,118,124,0,0,116,114,232,232,165,165,134,134,184,216,157,157,252,248
QAc-G-0229,Garden,210,212,171,187,206,206,167,161,144,140,235,237,118,118,139,139,112,114,232,232,165,161,137,134,210,216,139,157,256,248
QAc-G-0230,Garden,200,208,173,173,206,206,165,161,148,152,235,237,118,118,139,139,116,116,232,232,165,165,140,134,192,200,151,157,258,260
QAc-G-0231,Garden,210,226,181,173,206,206,173,173,148,148,229,235,118,118,139,139,118,118,232,232,165,165,137,134,210,202,139,151,262,262
QAc-G-0232,Garden,212,200,171,187,206,206,167,167,138,152,235,237,118,118,137,137,116,130,232,232,165,161,137,140,210,192,157,157,258,258
QAc-G-0233,Garden,200,218,185,173,206,206,167,155,148,146,235,233,118,124,139,137,116,114,232,232,165,165,137,140,190,184,145,157,260,260
QAc-G-0234,Garden,212,200,171,173,206,206,161,161,144,140,235,233,118,118,139,139,112,114,232,232,165,165,140,134,206,216,139,154,258,258
QAc-G-0235,Garden,210,200,171,171,206,206,161,169,144,152,235,227,118,114,139,137,112,114,232,238,165,165,134,134,202,194,151,163,242,242
QAc-G-0236,Garden,200,200,171,173,206,206,165,161,138,144,239,235,118,124,139,139,116,130,232,220,165,165,140,134,192,192,151,157,258,248
QAc-G-0237,Garden,210,212,171,173,206,206,161,161,148,138,239,233,118,118,139,139,114,130,232,232,165,165,137,140,206,216,151,157,256,246
QAc-G-0238,Garden,200,200,181,173,206,206,165,161,140,152,235,235,118,118,139,139,116,120,232,232,165,165,140,134,192,192,157,157,252,248
QAc-G-0239,Garden,200,200,173,173,206,206,167,167,146,152,237,243,118,118,139,137,116,116,232,232,165,161,140,134,192,184,157,157,252,248
QAc-G-0240,Garden,212,212,171,171,206,206,163,161,144,140,237,237,118,124,139,139,116,120,232,232,165,161,137,134,216,208,157,157,256,248
QAc-G-0241,Garden,200,224,171,171,206,206,167,161,150,138,239,237,118,118,139,137,116,114,232,232,165,161,137,140,210,182,151,157,242,248
QAc-G-0242,Garden,200,200,173,173,206,206,165,167,148,150,235,233,118,124,139,139,116,114,232,232,165,165,137,140,190,202,145,157,258,260
QAc-G-0243,Garden,216,200,171,173,206,206,165,163,138,152,235,233,118,114,139,139,116,114,232,232,165,165,137,137,190,192,151,157,258,258
QAc-G-0244,Garden,212,224,171,173,206,206,163,161,148,144,237,237,118,114,139,139,120,130,232,232,165,161,137,134,206,216,139,157,246,248
QAc-G-0245,Garden,212,224,171,171,206,206,161,161,144,140,235,233,118,124,139,139,116,120,232,232,165,165,137,134,192,208,151,157,256,248
QAc-G-0246,Garden,200,200,171,173,206,206,167,167,146,144,239,243,118,124,137,137,116,116,232,220,165,165,140,134,210,184,157,157,258,248
QAc-G-0247,Garden,200,200,173,173,206,206,165,167,138,144,235,237,118,124,139,137,116,116,232,220,165,161,140,134,192,184,157,157,252,248
QAc-G-0248,Garden,200,200,171,189,206,206,161,157,150,140,235,237,118,124,139,139,116,114,232,232,165,161,140,134,192,216,151,157,252,248
QAc-G-0249,Garden,210,218,183,187,206,206,163,161,148,154,225,237,118,118,139,137,116,114,232,232,165,165,137,140,212,204,151,154,256,244
QAc-G-0025,Garden,212,200,171,175,206,206,165,165,148,160,225,229,118,118,139,139,116,118,232,232,165,165,140,134,206,206,139,151,262,242
QAc-G-0028,Garden,200,200,185,181,206,206,167,161,148,140,235,233,118,118,135,139,116,114,232,232,165,165,140,134,190,182,139,145,258,258
QAc-G-0275,Garden,226,200,181,173,206,206,165,173,146,162,229,235,118,118,139,137,118,118,232,232,165,165,134,134,210,210,139,151,242,252
QAc-G-0263,Garden,200,228,185,177,206,206,161,177,148,154,235,241,118,118,139,137,122,114,232,232,165,167,137,134,206,198,151,154,254,252
QAc-W-0001,Wild,200,208,171,187,206,208,161,157,166,140,235,237,118,118,139,139,116,114,232,232,165,165,140,140,206,192,151,151,256,258
QAc-W-0002,Wild,200,200,171,173,206,206,161,161,146,140,235,237,118,118,139,137,116,114,232,238,165,161,140,134,210,192,157,154,258,248
QAc-W-0003,Wild,200,208,171,189,206,206,167,161,146,152,233,233,118,118,139,139,118,114,232,232,165,165,140,140,210,194,151,157,256,258
QAc-W-0004,Wild,200,200,171,189,206,206,161,161,148,152,235,233,118,118,139,139,116,116,232,232,165,165,140,140,206,208,151,151,256,258
QAc-W-0005,Wild,200,200,171,189,206,208,163,161,140,152,237,233,118,118,139,139,116,114,232,232,165,165,137,140,206,210,151,151,254,254
QAc-W-0006,Wild,200,208,171,189,206,206,161,161,148,152,233,233,118,118,139,139,116,116,232,238,165,165,137,140,206,208,151,157,256,256
QAc-W-0007,Wild,200,208,189,189,0,0,0,0,144,152,235,233,118,118,139,139,116,114,232,232,165,165,137,140,206,208,151,157,256,258
QAc-W-0008,Wild,200,208,173,189,206,208,161,161,150,152,235,233,118,118,139,139,116,114,232,232,165,161,137,125,204,208,0,0,256,246
QAc-W-0009,Wild,210,208,173,173,206,206,161,161,138,144,239,243,118,118,139,137,116,114,232,238,165,165,140,134,210,202,157,157,256,246
QAc-W-0010,Wild,200,200,171,173,206,208,167,157,154,152,235,233,118,118,139,139,116,116,232,232,165,165,137,137,210,202,151,151,254,248
QAc-W-0011,Wild,212,200,173,189,206,206,161,153,144,152,237,233,118,118,139,139,116,122,232,232,165,165,137,140,206,210,151,157,246,252
QAc-W-0012,Wild,212,200,175,173,206,206,167,157,140,152,233,233,118,124,139,137,114,114,232,232,165,165,140,134,210,208,151,154,248,260
QAc-W-0013,Wild,200,200,171,181,206,206,163,161,144,158,229,233,118,118,139,137,116,130,232,232,165,165,134,134,210,192,151,157,246,248
QAc-W-0014,Wild,200,218,171,173,206,208,167,161,152,152,235,237,118,118,139,139,116,112,232,232,165,165,137,140,192,208,151,151,258,260
QAc-W-0015,Wild,200,224,181,173,206,206,163,161,144,144,235,237,118,118,139,139,112,118,232,232,165,165,140,134,210,192,151,151,248,248
QAc-W-0016,Wild,200,206,189,189,206,208,165,163,150,152,235,235,118,118,139,139,116,116,232,232,165,167,137,137,208,208,151,151,256,258
QAc-W-0017,Wild,200,224,171,181,206,206,163,161,154,140,237,245,118,118,139,139,118,118,232,232,165,161,137,137,210,194,157,157,256,242
QAc-W-0018,Wild,210,202,181,187,206,208,163,167,152,152,235,237,118,118,139,139,116,126,232,232,165,165,137,140,206,206,151,157,258,252
QAc-W-0019,Wild,210,200,171,189,206,206,163,161,140,152,237,233,118,118,139,139,116,116,232,232,165,165,137,140,210,210,151,157,254,260
QAc-W-0020,Wild,202,208,187,189,206,208,167,167,150,152,237,233,118,118,139,139,116,128,232,232,165,161,137,140,190,214,151,151,254,260
QAc-W-0021,Wild,200,200,171,175,206,206,163,157,148,152,225,241,118,118,139,139,116,114,232,232,165,165,137,140,206,200,151,157,258,252
QAc-W-0022,Wild,200,200,171,179,206,206,163,177,148,144,235,237,118,118,139,139,116,112,232,232,165,161,137,137,210,190,139,151,246,258
QAc-W-0023,Wild,216,200,171,171,206,206,163,161,160,138,237,245,118,118,139,139,114,114,232,232,165,165,140,140,0,0,151,157,246,258
QAc-W-0024,Wild,200,208,171,181,206,208,163,161,148,140,225,237,118,118,139,139,118,118,232,232,165,165,137,137,206,214,151,157,246,260
QAc-W-0025,Wild,212,200,171,187,206,208,161,161,148,140,233,233,118,118,139,137,116,116,232,232,165,165,137,134,184,216,157,157,246,260
QAc-W-0026,Wild,212,218,175,181,206,206,161,161,166,140,233,233,118,118,139,137,116,112,232,232,165,165,137,140,206,210,151,154,254,260
QAc-W-0027,Wild,212,200,187,189,206,206,161,161,148,144,235,235,118,118,139,139,114,114,232,238,165,165,137,140,192,216,157,157,256,256
QAc-W-0028,Wild,208,208,187,189,206,206,161,161,144,140,237,245,118,118,139,139,116,114,232,232,165,161,140,134,210,192,151,157,254,260
QAc-W-0029,Wild,200,200,171,175,206,206,163,161,150,158,237,233,118,118,139,139,116,116,232,232,165,165,140,140,202,216,157,157,258,260
QAc-W-0030,Wild,200,200,171,173,206,206,165,161,150,144,239,233,118,118,139,139,116,116,232,232,165,165,137,134,192,182,157,157,256,258
QAc-W-0031,Wild,200,200,171,189,206,206,161,161,148,152,229,235,118,118,139,139,116,114,232,238,165,165,140,140,192,192,139,157,256,260
QAc-W-0032,Wild,202,218,171,173,206,208,167,161,140,152,235,233,118,124,139,139,116,114,232,232,165,165,140,140,190,208,151,157,246,258
QAc-W-0033,Wild,202,224,175,173,206,208,167,161,150,152,235,245,118,118,139,137,116,114,232,232,165,165,137,140,190,202,139,145,256,258
QAc-W-0034,Wild,212,200,171,173,206,206,161,161,140,152,233,233,118,118,139,137,114,114,232,232,165,165,137,140,192,200,139,157,248,260
QAc-W-0035,Wild,212,218,173,187,206,206,167,161,144,152,239,235,118,118,139,139,116,116,232,232,165,167,137,140,206,216,151,157,246,248
QAc-W-0036,Wild,202,200,171,189,206,206,167,161,144,140,233,233,118,118,139,139,114,114,232,232,165,165,137,137,192,204,139,157,256,248
QAc-W-0037,Wild,212,212,175,173,206,206,167,161,148,144,237,233,118,118,139,139,114,120,232,232,165,165,137,140,210,192,151,157,256,248
QAc-W-0038,Wild,224,208,171,171,206,206,163,167,146,140,235,237,118,118,139,139,116,114,232,232,165,165,137,137,214,192,157,157,246,254
QAc-W-0039,Wild,224,218,181,173,206,206,161,161,166,140,233,233,118,118,139,139,116,116,232,232,165,165,137,140,210,210,139,151,248,260
QAc-W-0040,Wild,216,222,171,173,206,208,161,157,148,138,235,233,118,118,139,139,114,114,232,232,165,165,137,140,206,214,151,157,256,260
QAc-W-0041,Wild,212,200,171,181,206,206,161,161,150,144,235,233,118,118,139,137,116,118,232,238,165,165,137,140,210,210,139,151,258,252
QAc-W-0042,Wild,200,214,181,181,206,206,167,161,166,158,237,227,118,118,139,137,122,130,232,232,165,165,137,137,202,202,139,151,256,258
QAc-W-0043,Wild,210,200,181,181,206,206,161,161,144,158,237,245,118,118,139,139,122,130,232,238,165,161,137,137,202,194,139,151,256,248
QAc-W-0044,Wild,200,200,171,179,206,206,161,161,144,158,235,245,118,118,139,139,122,122,232,232,165,165,137,137,202,192,139,151,258,248
QAc-W-0045,Wild,214,232,181,173,206,206,161,161,146,166,237,227,118,118,139,137,126,126,238,238,165,161,137,134,206,202,151,157,256,258
QAc-W-0046,Wild,200,232,181,181,206,206,161,161,158,158,227,245,118,118,139,139,122,130,232,238,165,165,134,134,206,202,151,157,248,248
QAc-W-0047,Wild,200,232,171,173,206,206,161,161,144,144,227,245,118,118,139,139,112,122,232,238,165,165,137,134,192,194,151,151,258,258
QAc-W-0048,Wild,210,232,171,173,206,208,167,161,160,166,227,241,118,118,139,139,114,130,232,238,165,165,137,134,202,200,139,151,246,248
QAc-W-0049,Wild,210,232,171,173,206,206,167,161,160,166,227,241,118,118,139,139,114,128,232,238,165,165,137,134,202,200,139,151,246,248
QAc-W-0050,Wild,214,214,175,173,206,206,163,161,142,144,227,231,116,116,139,139,116,124,232,232,165,161,137,137,202,200,157,154,262,248
QAc-W-0051,Wild,214,214,175,173,206,206,165,161,150,150,235,233,118,118,139,137,122,126,232,232,165,167,137,137,202,194,157,163,256,258
QAc-W-0052,Wild,202,200,179,173,206,206,167,167,166,166,233,227,118,124,139,139,122,120,232,232,165,165,137,137,206,202,151,157,258,254
QAc-W-0053,Wild,210,214,171,173,206,206,163,169,144,144,233,227,118,118,139,137,116,122,232,238,165,165,137,137,202,200,151,160,258,248
QAc-W-0054,Wild,212,214,173,187,206,206,167,161,154,154,239,241,118,118,139,139,116,126,232,232,165,167,137,134,202,202,151,151,258,250
QAc-W-0055,Wild,200,214,185,173,206,206,161,161,146,146,239,235,118,118,139,139,124,126,232,232,167,167,137,137,206,202,151,151,246,250
QAc-W-0056,Wild,212,200,171,187,206,208,167,161,150,138,235,235,118,118,139,139,124,126,232,232,165,167,137,140,192,194,154,142,262,258
QAc-W-0057,Wild,210,214,171,177,206,206,163,167,150,150,235,237,118,118,139,139,122,124,232,232,165,167,137,134,206,194,139,157,262,246
QAc-W-0058,Wild,210,214,171,171,206,206,165,161,146,146,239,227,118,118,139,139,124,126,232,232,165,167,137,140,202,198,151,142,262,246
QAc-W-0059,Wild,210,200,171,171,206,206,163,161,166,144,227,227,118,118,139,139,122,114,232,238,165,165,137,134,200,194,151,160,246,248
QAc-W-0060,Wild,224,224,177,177,206,206,165,161,138,144,239,239,118,118,139,139,122,120,232,232,165,165,137,134,214,194,151,157,256,248
QAc-W-0061,Wild,210,224,175,177,206,206,161,161,154,144,235,237,118,118,139,139,114,114,232,232,165,165,134,134,214,194,151,154,256,254
QAc-W-0062,Wild,226,224,179,179,206,206,165,161,138,138,235,237,118,118,139,139,112,122,232,232,165,165,137,134,194,194,139,151,256,254
QAc-W-0063,Wild,216,214,179,173,206,204,165,161,148,138,237,233,118,118,139,139,116,116,232,232,165,165,137,134,214,194,151,151,254,254
QAc-W-0064,Wild,226,228,179,173,206,208,165,161,146,138,235,235,118,118,139,139,116,112,232,232,165,167,134,134,214,194,151,157,242,248
QAc-W-0065,Wild,224,228,179,187,206,206,165,161,146,144,235,237,118,118,139,139,112,124,232,232,165,167,137,137,206,194,151,157,242,248
QAc-W-0066,Wild,212,200,181,181,206,206,161,161,146,146,225,239,118,118,139,139,116,122,232,232,165,165,137,134,210,214,139,151,250,250
QAc-W-0067,Wild,212,226,181,173,206,206,161,161,146,146,225,239,118,118,139,139,122,122,232,232,165,165,137,134,210,212,151,151,256,250
QAc-W-0068,Wild,200,224,181,173,206,206,161,161,148,148,239,239,118,118,139,139,116,122,232,232,165,165,137,134,214,186,139,154,250,250
QAc-W-0069,Wild,212,224,173,173,206,206,161,161,148,148,239,239,118,118,139,139,116,122,232,232,165,165,137,134,210,214,139,151,250,250
QAc-W-0070,Wild,212,228,173,177,206,206,161,161,146,146,239,239,118,118,139,139,112,122,232,232,165,165,137,134,210,194,151,154,250,250
QAc-W-0071,Wild,200,224,181,177,206,206,0,0,154,144,225,225,118,118,139,139,112,122,232,232,165,165,134,134,194,194,151,157,256,242
QAc-W-0072,Wild,218,214,185,179,206,208,161,161,154,154,235,237,118,118,139,139,116,112,232,232,165,167,137,134,194,194,139,157,256,254
QAc-W-0073,Wild,224,214,171,179,206,206,165,163,144,144,239,235,118,118,139,139,112,122,232,232,165,165,137,134,204,194,151,151,254,252
QAc-W-0074,Wild,224,228,179,179,206,206,161,161,148,154,235,237,118,118,139,139,112,122,232,232,165,167,137,140,194,194,151,151,254,242
QAc-W-0075,Wild,224,224,179,177,206,206,165,163,148,146,239,235,118,118,139,139,116,122,232,232,165,167,137,134,194,194,139,151,254,250
QAc-W-0076,Wild,224,224,185,177,206,206,163,161,144,144,239,235,118,118,139,139,116,112,232,232,165,167,137,137,194,194,151,151,242,242
QAc-W-0077,Wild,200,214,181,179,206,206,161,161,146,144,239,233,118,118,139,139,112,124,232,232,165,165,137,134,214,194,151,154,254,248
QAc-W-0078,Wild,202,218,175,181,206,204,161,161,148,146,225,229,118,118,139,139,116,116,232,232,165,165,137,140,210,192,145,157,246,244
QAc-W-0079,Wild,210,212,175,185,206,206,165,161,148,148,225,229,118,118,139,139,116,116,232,232,165,165,140,134,206,200,0,0,262,262
QAc-W-0080,Wild,210,212,175,185,0,0,0,0,148,148,225,229,118,118,139,139,116,116,232,232,165,165,140,134,206,200,139,151,262,260
QAc-W-0081,Wild,202,216,175,181,206,206,165,165,138,158,235,233,118,118,139,137,116,118,232,232,165,165,134,134,206,210,151,151,256,252
QAc-W-0082,Wild,212,218,171,181,206,206,173,173,150,162,235,235,116,116,137,137,116,126,232,232,165,167,137,134,206,194,139,157,246,242
QAc-W-0083,Wild,202,218,181,181,206,206,165,161,138,138,229,235,118,118,139,139,116,118,232,232,165,165,137,140,210,194,151,157,262,242
QAc-W-0084,Wild,202,226,181,181,206,206,173,173,148,138,235,233,118,118,139,137,116,118,232,232,165,165,140,134,206,210,151,151,256,262
QAc-W-0085,Wild,226,216,175,181,206,206,173,173,146,158,235,235,118,118,139,139,118,118,232,232,165,165,137,134,210,184,145,151,256,252
QAc-W-0086,Wild,200,218,181,173,206,206,173,173,162,162,229,229,118,118,139,137,118,118,232,232,165,165,137,137,206,210,139,151,256,242
QAc-W-0087,Wild,212,216,181,181,206,206,165,173,148,148,229,235,118,118,139,137,118,114,232,232,165,165,137,137,210,200,145,151,262,246
QAc-W-0088,Wild,212,212,181,183,206,206,165,169,146,138,229,235,118,118,139,139,118,118,232,232,165,167,140,140,206,206,151,157,256,246
QAc-W-0089,Wild,212,200,181,173,206,206,165,165,148,146,235,235,118,118,139,139,118,118,232,232,165,167,140,140,206,202,151,151,262,246
QAc-W-0090,Wild,212,200,181,173,206,206,165,173,148,148,229,235,118,118,139,137,118,118,232,232,165,167,140,140,210,202,151,151,262,246
QAc-W-0091,Wild,210,212,171,185,206,204,165,165,148,148,233,241,118,118,139,137,118,118,232,232,165,165,137,137,210,210,145,151,256,262
QAc-W-0092,Wild,212,216,181,181,206,206,165,161,166,140,235,241,118,118,139,139,116,118,232,232,165,165,137,140,210,192,139,151,246,252
QAc-W-0093,Wild,210,208,171,185,206,206,165,167,138,162,235,237,118,118,139,137,116,116,232,232,165,165,140,134,206,210,157,163,262,242
QAc-W-0094,Wild,226,208,191,191,206,206,165,167,148,138,233,233,118,118,139,139,116,118,232,232,165,165,137,137,206,194,151,157,258,242
QAc-W-0095,Wild,202,226,171,191,206,206,165,165,148,138,229,233,118,118,139,139,116,116,232,232,165,165,137,140,210,194,151,151,262,258
QAc-W-0096,Wild,212,208,181,191,206,206,165,165,148,138,229,235,118,118,139,139,116,118,232,232,165,165,137,137,202,194,151,157,258,254
QAc-W-0097,Wild,212,200,171,171,206,206,165,173,144,156,235,233,118,118,139,139,118,114,232,232,165,165,137,134,206,210,151,163,262,246
QAc-W-0098,Wild,210,212,171,181,206,206,165,165,148,146,235,241,118,118,139,139,116,116,232,244,165,165,137,140,206,206,151,157,262,262
QAc-W-0099,Wild,212,216,175,181,206,206,173,177,148,158,235,241,118,118,139,139,116,116,232,232,165,165,137,137,202,184,145,157,252,248
QAc-W-0100,Wild,212,212,181,183,206,206,165,177,146,138,229,235,118,118,139,139,118,118,232,232,165,167,140,140,206,206,151,157,256,246
QAc-W-0101,Wild,226,218,181,181,206,206,165,165,148,148,235,235,118,118,139,139,118,114,232,232,165,167,137,137,210,210,139,151,256,242
QAc-W-0104,Wild,210,210,181,173,206,206,165,163,148,162,229,229,118,118,139,139,118,118,232,232,165,165,137,140,206,202,139,145,262,242
QAc-W-0105,Wild,212,226,181,181,206,206,165,165,148,146,235,241,118,118,139,139,116,118,232,232,165,165,137,137,206,192,139,151,252,252
QAc-W-0106,Wild,212,226,181,181,206,206,167,177,148,146,235,241,118,118,139,139,116,118,232,232,165,165,137,137,206,192,139,151,252,252
QAc-W-0107,Wild,202,200,171,175,206,206,165,165,160,146,229,235,118,118,139,139,112,118,232,232,165,167,137,134,206,210,151,151,242,242
QAc-W-0108,Wild,210,200,175,185,206,206,165,165,148,160,225,235,118,118,139,139,116,112,232,232,165,167,140,134,210,200,139,151,262,242
QAc-W-0109,Wild,216,200,181,181,206,206,165,165,148,148,239,229,118,118,139,139,118,114,232,232,165,165,140,134,202,200,151,151,262,246
QAc-W-0110,Wild,200,218,181,189,0,0,0,0,148,152,235,233,118,118,139,137,118,118,232,232,165,165,137,137,210,204,139,139,256,260
QAc-W-0111,Wild,210,212,185,181,206,206,0,0,148,148,225,241,118,118,139,139,116,116,232,232,165,165,134,134,192,200,139,151,262,252
QAc-W-0112,Wild,210,212,171,183,0,0,0,0,146,138,235,235,118,118,139,139,118,118,232,232,165,167,140,140,206,206,157,157,256,262
QAc-W-0113,Wild,200,218,185,179,0,0,0,0,138,144,237,237,118,118,139,143,116,124,232,238,165,165,137,140,206,184,145,151,256,258
QAc-W-0114,Wild,218,222,171,179,0,0,0,0,138,140,225,237,118,118,139,139,118,118,232,238,165,165,137,137,190,200,151,151,258,248
QAc-W-0115,Wild,212,222,179,173,206,206,163,161,138,138,235,235,118,118,139,141,114,114,232,232,165,165,137,140,206,212,145,157,254,242
QAc-W-0116,Wild,200,222,171,185,206,206,163,167,154,138,235,237,118,118,137,143,112,118,232,232,165,165,137,137,192,200,151,157,258,248
QAc-W-0117,Wild,218,222,173,183,206,206,163,163,140,140,235,237,118,118,139,137,114,114,232,238,165,165,137,134,190,212,157,154,258,242
QAc-W-0118,Wild,200,218,185,179,206,206,163,161,148,154,235,243,118,118,139,139,118,124,232,232,165,165,137,134,206,212,145,151,254,242
QAc-W-0119,Wild,210,218,185,173,206,206,163,167,154,138,225,237,118,118,139,137,114,124,232,232,165,165,137,137,212,192,151,154,258,244
QAc-W-0120,Wild,218,222,173,177,206,206,163,167,138,140,237,245,118,118,139,139,116,116,232,238,165,165,137,140,184,200,145,154,250,252
QAc-W-0121,Wild,200,200,185,173,206,206,163,161,142,140,245,245,118,118,137,137,116,112,232,232,165,165,137,134,190,212,151,151,250,248
QAc-W-0122,Wild,210,200,185,179,206,206,163,161,152,152,235,245,118,118,139,139,112,114,232,232,165,165,137,137,192,200,145,142,242,242
QAc-W-0123,Wild,210,216,185,185,206,206,163,163,146,144,235,235,118,118,139,139,114,120,232,232,165,165,137,137,212,196,145,157,0,0
QAc-W-0124,Wild,212,212,179,177,206,206,161,161,138,140,235,233,118,118,139,139,112,112,232,232,165,165,137,137,210,184,145,151,242,252
QAc-W-0125,Wild,210,216,171,185,206,206,167,161,148,154,235,231,118,118,139,139,118,114,232,232,165,165,137,137,212,212,151,154,256,242
QAc-W-0126,Wild,210,222,173,173,0,0,0,0,148,140,235,237,118,118,139,137,112,118,232,232,165,165,137,137,202,196,151,151,256,242
QAc-W-0127,Wild,200,222,179,173,206,206,0,0,140,152,241,241,118,118,139,139,116,112,232,238,165,167,137,137,190,208,145,151,248,248
QAc-W-0128,Wild,200,222,185,179,0,0,0,0,148,138,235,231,118,118,139,137,118,114,232,238,165,165,137,140,210,200,151,154,256,248
QAc-W-0129,Wild,210,218,185,179,0,0,0,0,144,140,239,243,118,118,139,137,116,112,232,238,165,165,137,140,206,204,145,154,248,260
QAc-W-0130,Wild,210,200,179,183,0,0,0,0,152,152,235,237,118,118,139,137,116,116,232,238,165,165,137,137,210,184,145,151,258,248
QAc-W-0131,Wild,200,200,179,183,206,206,163,167,164,140,241,231,118,118,139,139,116,116,232,232,167,167,137,137,206,190,145,151,258,242
QAc-W-0132,Wild,200,218,179,173,206,206,161,161,154,140,239,235,118,118,139,139,116,118,232,232,165,165,137,134,206,206,145,157,0,0
QAc-W-0133,Wild,226,200,181,173,206,206,163,159,154,152,241,241,118,118,139,143,116,116,232,238,167,167,137,134,206,206,151,154,0,0
QAc-W-0134,Wild,210,216,185,183,206,206,167,161,138,144,235,245,118,118,139,139,116,112,232,232,165,165,137,137,206,212,151,154,248,248
QAc-W-0135,Wild,212,222,179,189,206,206,161,161,144,152,237,237,118,118,139,139,116,116,232,232,165,165,137,134,212,184,151,151,242,248
QAc-W-0136,Wild,216,216,179,173,206,206,161,159,138,140,235,231,118,118,139,137,112,118,232,232,165,165,137,137,212,208,157,157,248,248
QAc-W-0137,Wild,216,222,179,173,206,206,167,161,154,138,235,245,118,118,139,137,116,112,232,232,165,165,137,137,190,212,157,154,248,248
QAc-W-0138,Wild,216,222,179,173,206,206,163,163,154,140,235,231,118,118,139,139,116,116,232,232,165,165,137,137,212,208,157,154,258,248
QAc-W-0139,Wild,200,218,179,179,206,206,165,163,148,144,235,233,118,118,139,139,116,116,232,232,165,167,137,137,206,204,151,154,258,244
QAc-W-0140,Wild,200,222,173,183,206,206,161,161,138,144,235,245,118,118,139,137,112,114,232,238,165,165,137,137,190,212,151,157,246,246
QAc-W-0141,Wild,210,200,173,183,206,206,161,161,148,144,235,237,118,118,139,139,116,116,232,232,165,165,137,137,190,198,157,157,0,0
QAc-W-0142,Wild,210,222,179,173,206,206,163,161,154,144,245,243,118,118,139,137,116,116,232,232,165,167,137,137,212,212,151,151,256,242
QAc-W-0143,Wild,218,206,185,177,206,206,167,161,154,158,235,235,118,118,137,137,116,116,232,232,165,165,137,137,206,184,151,151,256,248
QAc-W-0144,Wild,218,214,171,185,206,206,163,161,138,138,237,237,118,118,139,137,118,114,238,238,165,165,137,134,202,208,145,151,258,242
QAc-W-0145,Wild,210,222,185,179,206,206,163,161,144,140,235,237,118,118,139,139,118,114,232,232,163,163,137,137,212,184,145,142,254,248
QAc-W-0146,Wild,212,222,185,185,206,206,167,161,144,144,235,235,118,118,139,137,116,116,232,232,165,165,137,125,206,184,151,157,258,258
QAc-W-0147,Wild,200,222,185,177,206,206,163,161,154,152,235,235,118,118,137,143,112,118,232,232,165,165,137,137,206,184,151,157,242,248
QAc-W-0148,Wild,210,222,179,177,206,206,161,161,154,140,235,237,118,118,139,139,116,114,232,232,165,165,137,137,206,212,157,157,258,248
QAc-W-0149,Wild,210,200,179,183,206,206,163,161,158,152,235,235,118,118,139,139,112,118,232,232,165,165,137,137,202,204,145,151,258,258
QAc-W-0150,Wild,210,212,171,185,206,206,167,167,154,152,235,237,118,118,139,139,116,112,232,232,165,165,137,137,210,184,151,151,258,258
QAc-W-0151,Wild,212,212,171,179,206,206,161,159,154,140,235,237,118,118,139,137,112,114,232,232,165,165,137,125,206,212,151,157,258,242
QAc-W-0152,Wild,200,214,179,179,206,206,161,161,138,144,235,235,118,118,139,139,118,114,232,232,165,165,137,125,212,184,145,151,248,248
QAc-W-0153,Wild,210,212,173,183,212,212,165,165,144,140,239,235,118,118,139,139,112,114,232,232,165,165,134,146,190,192,151,157,246,242
QAc-W-0154,Wild,222,206,187,189,206,206,161,159,138,140,235,235,118,118,135,139,116,114,232,232,165,165,137,137,190,212,151,151,252,244
QAc-W-0155,Wild,218,214,185,185,206,206,163,161,138,138,237,237,118,118,139,139,116,116,232,232,165,165,137,137,190,208,151,154,258,248
QAc-W-0156,Wild,210,200,175,185,206,206,163,161,138,140,235,235,118,118,139,143,118,114,232,232,165,165,140,140,206,206,151,157,258,258
QAc-W-0157,Wild,216,220,179,173,206,206,167,167,144,144,235,235,118,118,137,143,116,120,232,238,165,165,137,134,212,212,151,154,256,254
QAc-W-0158,Wild,200,218,179,173,206,206,163,161,148,138,235,235,118,118,139,139,116,118,232,232,165,165,137,140,210,212,151,157,258,248
QAc-W-0159,Wild,200,222,175,183,206,206,167,161,154,140,245,243,118,118,139,137,114,114,232,232,165,165,137,137,190,212,145,151,256,248
QAc-W-0160,Wild,210,216,185,177,206,206,161,161,144,140,235,245,118,118,135,141,116,114,232,232,165,165,137,140,206,208,151,157,256,244
QAc-W-0161,Wild,202,222,173,173,206,206,161,161,140,152,235,241,118,118,139,139,116,120,238,238,165,165,137,137,190,212,157,157,258,248
QAc-W-0162,Wild,218,222,185,177,206,206,163,161,138,138,235,241,118,118,139,137,112,122,232,232,165,165,137,137,190,194,157,157,258,242
QAc-W-0163,Wild,210,214,171,173,206,206,161,161,138,142,237,243,118,118,139,143,118,124,232,232,165,165,137,137,190,212,151,151,258,248
QAc-W-0164,Wild,200,218,179,179,206,206,161,161,154,138,235,241,118,118,139,139,116,112,232,238,165,167,137,137,206,196,151,157,256,248
QAc-W-0165,Wild,210,222,183,169,206,206,163,167,138,138,239,237,118,118,137,137,116,116,232,232,165,165,137,137,190,212,157,157,254,250
QAc-W-0166,Wild,212,214,179,189,206,206,163,161,138,138,235,237,118,118,139,139,114,114,232,232,165,165,137,137,206,212,151,157,256,258
QAc-W-0167,Wild,200,208,179,187,206,206,163,167,146,162,235,235,118,114,139,139,118,124,232,232,165,161,134,146,200,198,151,157,246,242
QAc-W-0168,Wild,210,200,175,185,206,206,163,161,154,140,239,245,118,118,139,139,116,128,232,232,165,165,134,134,210,200,157,154,254,248
QAc-W-0169,Wild,214,220,187,189,206,206,161,161,150,134,239,237,118,122,139,137,116,116,232,232,165,161,134,134,192,196,151,154,258,252
QAc-W-0170,Wild,200,220,171,175,206,206,163,161,154,156,235,235,118,118,139,139,114,114,232,244,165,161,140,134,192,198,151,142,246,248
QAc-W-0171,Wild,200,208,179,187,206,206,167,167,146,162,235,237,118,114,139,139,118,124,232,232,165,161,134,146,200,198,151,157,246,242
QAc-W-0172,Wild,210,202,171,167,206,206,163,159,164,152,235,231,118,118,135,139,118,114,232,232,161,171,140,134,190,192,163,163,246,258
QAc-W-0173,Wild,200,208,179,187,206,206,165,163,144,140,235,237,118,118,139,139,116,128,232,232,165,161,137,137,198,196,157,157,246,242
QAc-W-0174,Wild,200,214,181,187,206,206,163,163,146,138,237,231,118,118,139,139,114,114,232,232,165,165,134,146,192,196,157,154,242,264
