"","V1","V2","V3","V4","V5","V6","V7","V8","V9"
"1",NA,NA,NA,NA,NA,NA,NA,NA,NA
"2",33.8289855072464,63.6225806451613,53.2756097560976,13.9708333333333,1.9,NA,NA,NA,NA
"3",41.3434782608696,75.3645161290323,64.219512195122,19.8625,2.83571428571429,NA,NA,NA,NA
"4",46.668115942029,82.6774193548387,71.7024390243902,25.2,3.73571428571429,NA,NA,NA,NA
"5",50.7231884057971,87.2709677419355,76.9585365853658,30.3125,4.78571428571429,NA,NA,NA,NA
"6",53.604347826087,90.4612903225807,80.7585365853659,34.2125,5.23571428571428,NA,NA,NA,NA
"7",56.5289855072464,93.0096774193548,83.9658536585366,38.7416666666667,6.24285714285714,NA,NA,NA,NA
"8",58.995652173913,94.6129032258064,86.5146341463415,43.0041666666667,7.54285714285714,NA,NA,NA,NA
"9",61.1217391304348,95.9451612903226,88.6853658536585,46.925,8.35,NA,NA,NA,NA
"10",62.6666666666667,96.9096774193548,90.3341463414634,49.6625,9.13571428571429,NA,NA,NA,NA
"11",64.3260869565217,97.6612903225806,91.7146341463415,53.1125,9.73571428571429,NA,NA,NA,NA
"12",65.6057971014493,98.1161290322581,92.6170731707317,55.3333333333333,11.2285714285714,NA,NA,NA,NA
"13",66.8608695652174,98.5354838709677,93.6853658536585,58.0791666666667,11.7785714285714,NA,NA,NA,NA
"14",67.8884057971014,98.9129032258064,94.5463414634146,60.4333333333333,11.9714285714286,NA,NA,NA,NA
"15",68.8405797101449,99.1,95.190243902439,62.425,12.8357142857143,NA,NA,NA,NA
"16",69.995652173913,99.3161290322581,95.980487804878,64.775,14.0214285714286,NA,NA,NA,NA
"17",70.6188405797101,99.441935483871,96.3780487804878,66.2166666666667,14.3428571428571,NA,NA,NA,NA
"18",71.6463768115942,99.5935483870968,96.7585365853658,68.2541666666667,15.5785714285714,NA,NA,NA,NA
"19",72.231884057971,99.6096774193548,97.0317073170732,69.0208333333333,17.1142857142857,NA,NA,NA,NA
"20",72.9072463768116,99.7129032258064,97.390243902439,70.8708333333333,17.0428571428571,NA,NA,NA,NA
"21",73.4927536231884,99.7548387096774,97.7,72.25,17.4714285714286,NA,NA,NA,NA
"22",74.4521739130435,99.8193548387097,98.1365853658537,74.4958333333333,18.2071428571429,NA,NA,NA,NA
"23",74.6086956521739,99.8516129032258,98.2512195121951,74.4166666666667,19.0428571428571,NA,NA,NA,NA
"24",75.0797101449275,99.9096774193548,98.3829268292683,75.3708333333333,19.6,NA,NA,NA,NA
"25",75.8739130434783,99.9096774193548,98.6268292682927,77.225,20.3357142857143,NA,NA,NA,NA
"26",76.3101449275362,99.9193548387097,98.7292682926829,77.9833333333333,21.1642857142857,NA,NA,NA,NA
"27",76.6710144927536,99.9612903225806,98.8,78.5208333333333,21.9285714285714,NA,NA,NA,NA
"28",77.3536231884058,99.941935483871,99.0463414634146,80.0041666666667,22.7928571428571,NA,NA,NA,NA
"29",77.9579710144928,99.9483870967742,99.1658536585366,81.1541666666667,23.7857142857143,NA,NA,NA,NA
"30",78.1565217391304,99.9709677419355,99.2146341463415,81.525,24.0785714285714,NA,NA,NA,NA
"31",78.6753623188406,99.9709677419355,99.3024390243902,82.5,24.9642857142857,NA,NA,NA,NA
"32",78.9782608695652,99.9870967741935,99.4,82.7458333333333,26,NA,NA,NA,NA
"33",79.4289855072464,99.9870967741935,99.4780487804878,83.7333333333333,26.5285714285714,NA,NA,NA,NA
"34",79.7724637681159,99.9774193548387,99.5195121951219,84.2625,27.3357142857143,NA,NA,NA,NA
"35",80.1260869565217,99.9967741935484,99.5634146341463,84.9708333333333,27.8214285714286,NA,NA,NA,NA
"36",80.4405797101449,99.9967741935484,99.6804878048781,85.3,28.8071428571429,NA,NA,NA,NA
"37",80.7811594202899,99.9903225806452,99.6756097560976,85.9791666666667,29.3357142857143,NA,NA,NA,NA
"38",80.9840579710145,100,99.7317073170732,86.45,29.5071428571429,NA,NA,NA,NA
"39",81.2942028985507,100,99.7756097560976,87.1041666666667,29.9142857142857,NA,NA,NA,NA
"40",81.7289855072464,100,99.7536585365854,87.9291666666667,30.6428571428571,NA,NA,NA,NA
"41",81.7623188405797,100,99.7731707317073,87.85,30.9428571428571,NA,NA,NA,NA
"42",82.204347826087,99.9967741935484,99.8048780487805,88.5125,31.9928571428571,NA,NA,NA,NA
"43",82.4173913043478,100,99.8634146341463,88.8833333333333,32.4,NA,NA,NA,NA
"44",82.7275362318841,99.9967741935484,99.8609756097561,89.3916666666667,33.0642857142857,NA,NA,NA,NA
"45",83.0478260869565,100,99.8780487804878,89.6666666666667,34.1642857142857,NA,NA,NA,NA
"46",83.2811594202899,100,99.8756097560976,90.4291666666667,34.0071428571429,NA,NA,NA,NA
"47",83.5840579710145,100,99.9073170731707,90.6916666666667,35.05,NA,NA,NA,NA
"48",83.704347826087,100,99.9243902439024,90.7916666666667,35.4714285714286,NA,NA,NA,NA
"49",83.9173913043478,100,99.9219512195122,91.3375,35.5857142857143,NA,NA,NA,NA
"50",84.1565217391304,100,99.9341463414634,91.1416666666667,37.1,NA,NA,NA,NA
"51",84.4579710144928,100,99.9512195121951,91.6916666666667,37.6428571428571,NA,NA,NA,NA
"52",84.5231884057971,100,99.9390243902439,91.8333333333333,37.7214285714286,NA,NA,NA,NA
"53",84.8231884057971,100,99.9707317073171,92.125,38.7,NA,NA,NA,NA
"54",84.995652173913,100,99.9585365853658,92.2958333333333,39.2571428571429,NA,NA,NA,NA
"55",85.1449275362319,100,99.9560975609756,92.6666666666667,39.3571428571429,NA,NA,NA,NA
"56",85.2782608695652,100,99.9512195121951,92.95,39.5285714285714,NA,NA,NA,NA
"57",85.4623188405797,100,99.9731707317073,93.2625,39.9,NA,NA,NA,NA
"58",85.6811594202899,100,99.9609756097561,93.1791666666667,41.1214285714286,NA,NA,NA,NA
"59",85.9188405797101,100,99.9707317073171,93.4833333333333,41.7714285714286,NA,NA,NA,NA
"60",86.0028985507246,100,99.9682926829268,93.675,41.8571428571429,NA,NA,NA,NA
"61",86.3057971014493,100,99.9804878048781,94.3875,42.1285714285714,NA,NA,NA,NA
"62",86.2565217391304,100,99.9731707317073,93.9958333333333,42.5571428571429,NA,NA,NA,NA
"63",86.6521739130435,100,99.9878048780488,94.4458333333333,43.7357142857143,NA,NA,NA,NA
"64",86.6826086956522,100,99.9853658536585,94.4791666666667,43.8285714285714,NA,NA,NA,NA
"65",86.8797101449275,100,99.990243902439,94.7791666666667,44.2857142857143,NA,NA,NA,NA
"66",87.0246376811594,100,99.9975609756098,95.0416666666667,44.55,NA,NA,NA,NA
"67",87.3101449275362,100,99.9878048780488,95.0833333333333,45.8857142857143,NA,NA,NA,NA
"68",87.2710144927536,100,99.9951219512195,95.075,45.7071428571429,NA,NA,NA,NA
"69",87.4014492753623,100,100,95.1666666666667,46.1928571428571,NA,NA,NA,NA
"70",87.7565217391304,100,99.9975609756098,95.8583333333333,46.7571428571429,NA,NA,NA,NA
"71",87.7289855072464,100,99.9951219512195,95.6708333333333,46.9428571428571,NA,NA,NA,NA
"72",87.9811594202899,100,99.9975609756098,95.5916666666667,48.3214285714286,NA,NA,NA,NA
"73",87.995652173913,100,99.9975609756098,95.8166666666667,48.0071428571429,NA,NA,NA,NA
"74",88.0608695652174,100,99.990243902439,96.0666666666667,47.9,NA,NA,NA,NA
"75",88.1869565217391,100,99.9975609756098,96.15,48.3785714285714,NA,NA,NA,NA
"76",88.4246376811594,100,99.9951219512195,96.1208333333333,49.6,NA,NA,NA,NA
"77",88.6333333333333,100,99.9951219512195,96.4375,50.0857142857143,NA,NA,NA,NA
"78",88.6594202898551,100,99.9951219512195,96.4208333333333,50.2428571428571,NA,NA,NA,NA
"79",88.8811594202899,100,100,96.725,50.8142857142857,NA,NA,NA,NA
"80",88.9884057971014,100,99.9975609756098,96.5958333333333,51.5642857142857,NA,NA,NA,NA
"81",88.9985507246377,100,99.9951219512195,96.7666666666667,51.3214285714286,NA,NA,NA,NA
"82",89.0826086956522,100,100,96.6375,51.9571428571429,NA,NA,NA,NA
"83",89.368115942029,100,99.9975609756098,96.925,52.8714285714286,NA,NA,NA,NA
"84",89.4130434782609,100,100,97.1791666666667,52.6571428571429,NA,NA,NA,NA
"85",89.4753623188406,100,99.9951219512195,97.0916666666667,53.1142857142857,NA,NA,NA,NA
"86",89.695652173913,100,99.9975609756098,97.3833333333333,53.7,NA,NA,NA,NA
"87",89.7,100,99.9951219512195,97.2625,53.9285714285714,NA,NA,NA,NA
"88",89.8260869565217,100,100,97.4875,54.1642857142857,NA,NA,NA,NA
"89",89.8405797101449,100,99.9975609756098,97.3791666666667,54.4214285714286,NA,NA,NA,NA
"90",90.1173913043478,100,100,97.55,55.4928571428571,NA,NA,NA,NA
"91",90.0449275362319,100,100,97.3833333333333,55.4214285714286,NA,NA,NA,NA
"92",90.3130434782609,100,99.9951219512195,97.6208333333333,56.3357142857143,NA,NA,NA,NA
"93",90.2,100,100,97.7291666666667,55.5928571428571,NA,NA,NA,NA
"94",90.4130434782609,100,100,97.8,56.5214285714286,NA,NA,NA,NA
"95",90.5115942028986,100,100,97.8916666666667,56.85,NA,NA,NA,NA
"96",90.4666666666667,100,100,97.8458333333333,56.7071428571429,NA,NA,NA,NA
"97",90.6971014492754,100,100,98.0791666666667,57.4428571428571,NA,NA,NA,NA
"98",90.8188405797101,100,100,97.9875,58.2,NA,NA,NA,NA
"99",90.8144927536232,100,100,97.9708333333333,58.2071428571429,NA,NA,NA,NA
"100",90.9666666666667,100,100,98.3,58.3928571428571,NA,NA,NA,NA
"101",91.104347826087,100,100,98.1833333333333,59.2714285714286,NA,NA,NA,NA
"102",90.9739130434783,100,100,98.3875,58.2785714285714,NA,NA,NA,NA
"103",91.0913043478261,100,100,98.4,58.8357142857143,NA,NA,NA,NA
"104",91.2072463768116,100,100,98.2458333333333,59.6714285714286,NA,NA,NA,NA
"105",91.3724637681159,100,100,98.3958333333333,60.2285714285714,NA,NA,NA,NA
"106",91.4565217391304,100,100,98.5333333333333,60.4071428571429,NA,NA,NA,NA
"107",91.5275362318841,100,99.9975609756098,98.4666666666667,60.8714285714286,NA,NA,NA,NA
"108",91.6594202898551,100,100,98.4416666666667,61.5642857142857,NA,NA,NA,NA
"109",91.6724637681159,100,100,98.6583333333333,61.2571428571429,NA,NA,NA,NA
"110",91.7492753623188,100,100,98.6916666666667,61.5785714285714,NA,NA,NA,NA
"111",91.9347826086957,100,100,98.6333333333333,62.5928571428571,NA,NA,NA,NA
"112",92.0014492753623,100,100,98.6666666666667,62.8642857142857,NA,NA,NA,NA
"113",91.9536231884058,100,100,98.7791666666667,62.4357142857143,NA,NA,NA,NA
"114",92.0594202898551,100,100,98.8125,62.9,NA,NA,NA,NA
"115",92.0884057971014,100,100,98.7791666666667,63.1,NA,NA,NA,NA
"116",92.2753623188406,100,100,98.7958333333333,63.9928571428571,NA,NA,NA,NA
"117",92.2724637681159,100,100,98.8625,63.8642857142857,NA,NA,NA,NA
"118",92.2028985507246,100,99.9975609756098,98.6875,63.8214285714286,NA,NA,NA,NA
"119",92.3434782608696,100,100,98.8625,64.2142857142857,NA,NA,NA,NA
"120",92.4884057971014,100,100,98.9791666666667,64.7285714285714,NA,NA,NA,NA
"121",92.5420289855072,100,100,98.9291666666667,65.0785714285714,NA,NA,NA,NA
"122",92.5565217391304,100,100,98.9958333333333,65.0357142857143,NA,NA,NA,NA
"123",92.5420289855072,100,100,98.95,65.0428571428571,NA,NA,NA,NA
"124",92.8971014492754,100,100,99.1416666666667,66.4642857142857,NA,NA,NA,NA
"125",92.8347826086956,100,100,99.1083333333333,66.2142857142857,NA,NA,NA,NA
"126",92.7985507246377,100,100,99.075,66.0928571428571,NA,NA,NA,NA
"127",93.0130434782609,100,100,99.1208333333333,67.0714285714286,NA,NA,NA,NA
"128",92.8884057971014,100,100,99.1583333333333,66.3928571428571,NA,NA,NA,NA
"129",93.0521739130435,100,100,99.2,67.1285714285714,NA,NA,NA,NA
"130",93.1536231884058,100,100,99.275,67.5,NA,NA,NA,NA
"131",93.1768115942029,100,100,99.1333333333333,67.8571428571429,NA,NA,NA,NA
"132",93.3420289855072,100,100,99.2791666666667,68.4214285714286,NA,NA,NA,NA
"133",93.2826086956522,100,100,99.2208333333333,68.2285714285714,NA,NA,NA,NA
"134",93.5246376811594,100,100,99.3583333333333,69.1857142857143,NA,NA,NA,NA
"135",93.4449275362319,100,100,99.35,68.8071428571428,NA,NA,NA,NA
"136",93.4739130434783,100,100,99.3708333333333,68.9142857142857,NA,NA,NA,NA
"137",93.3782608695652,100,100,99.35,68.4785714285714,NA,NA,NA,NA
"138",93.6565217391304,100,100,99.3541666666667,69.8428571428571,NA,NA,NA,NA
"139",93.6782608695652,100,100,99.4875,69.7214285714286,NA,NA,NA,NA
"140",93.6391304347826,100,100,99.3458333333333,69.7714285714286,NA,NA,NA,NA
"141",93.6623188405797,100,100,99.4666666666667,69.6785714285714,NA,NA,NA,NA
"142",93.7608695652174,100,100,99.425,70.2357142857143,NA,NA,NA,NA
"143",94.0536231884058,100,100,99.4041666666667,71.7142857142857,NA,NA,NA,NA
"144",93.7840579710145,100,100,99.4375,70.3285714285714,NA,NA,NA,NA
"145",93.9,100,100,99.5791666666667,70.6571428571429,NA,NA,NA,NA
"146",93.8478260869565,100,100,99.5333333333333,70.4785714285714,NA,NA,NA,NA
"147",93.9434782608696,100,100,99.4875,71.0285714285714,NA,NA,NA,NA
"148",94.1376811594203,100,100,99.5166666666667,71.9357142857143,NA,NA,NA,NA
"149",94.1144927536232,100,100,99.5125,71.8285714285714,NA,NA,NA,NA
"150",94.1260869565217,100,100,99.6,71.7357142857143,NA,NA,NA,NA
"151",94.1724637681159,100,100,99.5333333333333,72.0785714285714,NA,NA,NA,NA
"152",94.2420289855072,100,100,99.5875,72.3285714285714,NA,NA,NA,NA
"153",94.3565217391304,100,100,99.5625,72.9357142857143,NA,NA,NA,NA
"154",94.2666666666667,100,100,99.5791666666667,72.4642857142857,NA,NA,NA,NA
"155",94.3115942028985,100,100,99.5958333333333,72.6571428571429,NA,NA,NA,NA
"156",94.5144927536232,100,100,99.6541666666667,73.5571428571428,NA,NA,NA,NA
"157",94.5623188405797,100,100,99.6583333333333,73.7857142857143,NA,NA,NA,NA
"158",94.6173913043478,100,100,99.6666666666667,74.0428571428571,NA,NA,NA,NA
"159",94.5855072463768,100,100,99.5791666666667,74.0357142857143,NA,NA,NA,NA
"160",94.7420289855072,100,100,99.6708333333333,74.65,NA,NA,NA,NA
"161",94.7260869565217,100,100,99.7416666666667,74.45,NA,NA,NA,NA
"162",94.8594202898551,100,100,99.7333333333333,75.1214285714286,NA,NA,NA,NA
"163",94.6884057971015,100,100,99.6791666666667,74.3714285714286,NA,NA,NA,NA
"164",94.9797101449275,100,100,99.7083333333333,75.7571428571429,NA,NA,NA,NA
"165",94.8971014492754,100,100,99.7125,75.3428571428571,NA,NA,NA,NA
"166",94.9739130434783,100,100,99.7791666666667,75.6071428571429,NA,NA,NA,NA
"167",95.004347826087,100,100,99.775,75.7642857142857,NA,NA,NA,NA
"168",94.9913043478261,100,100,99.7708333333333,75.7071428571429,NA,NA,NA,NA
"169",94.9608695652174,100,100,99.8083333333333,75.4928571428571,NA,NA,NA,NA
"170",95.1826086956522,100,100,99.7333333333333,76.7142857142857,NA,NA,NA,NA
"171",95.0608695652174,100,100,99.75,76.0857142857143,NA,NA,NA,NA
"172",95.2507246376812,100,100,99.825,76.8928571428571,NA,NA,NA,NA
"173",95.2507246376812,100,100,99.75,77.0214285714286,NA,NA,NA,NA
"174",95.2797101449275,100,100,99.7166666666667,77.2214285714286,NA,NA,NA,NA
"175",95.3782608695652,100,100,99.8333333333333,77.5071428571429,NA,NA,NA,NA
"176",95.3478260869565,100,100,99.775,77.4571428571429,NA,NA,NA,NA
"177",95.2797101449275,100,100,99.8166666666667,77.05,NA,NA,NA,NA
"178",95.4347826086957,100,100,99.8041666666667,77.8357142857143,NA,NA,NA,NA
"179",95.4898550724638,100,100,99.7916666666667,78.1285714285714,NA,NA,NA,NA
"180",95.336231884058,100,100,99.8125,77.3357142857143,NA,NA,NA,NA
"181",95.6028985507246,100,100,99.8083333333333,78.6571428571429,NA,NA,NA,NA
"182",95.4463768115942,100,100,99.8125,77.8785714285714,NA,NA,NA,NA
"183",95.6275362318841,100,100,99.8625,78.6857142857143,NA,NA,NA,NA
"184",95.604347826087,100,100,99.8208333333333,78.6428571428572,NA,NA,NA,NA
"185",95.6463768115942,100,100,99.875,78.7571428571429,NA,NA,NA,NA
"186",95.6666666666667,100,100,99.8541666666667,78.8928571428571,NA,NA,NA,NA
"187",95.7333333333333,100,100,99.7958333333333,79.3214285714286,NA,NA,NA,NA
"188",95.7231884057971,100,100,99.8875,79.1142857142857,NA,NA,NA,NA
"189",95.8391304347826,100,100,99.8666666666667,79.7214285714286,NA,NA,NA,NA
"190",95.7855072463768,100,100,99.8458333333333,79.4928571428571,NA,NA,NA,NA
"191",95.8942028985507,100,100,99.8958333333333,79.9428571428571,NA,NA,NA,NA
"192",95.9304347826087,100,100,99.9041666666667,80.1071428571429,NA,NA,NA,NA
"193",95.9753623188406,100,100,99.8916666666667,80.35,NA,NA,NA,NA
"194",96.0028985507246,100,100,99.9208333333333,80.4357142857143,NA,NA,NA,NA
"195",95.9376811594203,100,100,99.9125,80.1285714285714,NA,NA,NA,NA
"196",96.0159420289855,100,100,99.8791666666667,80.5714285714286,NA,NA,NA,NA
"197",96.0304347826087,100,100,99.9291666666667,80.5571428571429,NA,NA,NA,NA
"198",96.2565217391304,100,100,99.925,81.6785714285714,NA,NA,NA,NA
"199",96.1144927536232,100,100,99.8708333333333,81.0714285714286,NA,NA,NA,NA
"200",96.1231884057971,100,100,99.8833333333333,81.0928571428571,NA,NA,NA,NA
"201",96.1086956521739,100,100,99.8541666666667,81.0714285714286,NA,NA,NA,NA
"202",96.2217391304348,100,100,99.8666666666667,81.6071428571429,NA,NA,NA,NA
"203",96.2913043478261,100,100,99.925,81.85,NA,NA,NA,NA
"204",96.2101449275362,100,100,99.925,81.45,NA,NA,NA,NA
"205",96.4101449275362,100,100,99.925,82.4357142857143,NA,NA,NA,NA
"206",96.2768115942029,100,100,99.9,81.8214285714286,NA,NA,NA,NA
"207",96.2826086956522,100,100,99.9166666666667,81.8214285714286,NA,NA,NA,NA
"208",96.3202898550725,100,100,99.8958333333333,82.0428571428571,NA,NA,NA,NA
"209",96.5333333333333,100,100,99.9333333333333,83.0285714285714,NA,NA,NA,NA
"210",96.4753623188406,100,100,99.9291666666667,82.75,NA,NA,NA,NA
"211",96.572463768116,100,100,99.9458333333333,83.2,NA,NA,NA,NA
"212",96.5826086956522,100,100,99.9291666666667,83.2785714285714,NA,NA,NA,NA
"213",96.6405797101449,100,100,99.9541666666667,83.5214285714286,NA,NA,NA,NA
"214",96.495652173913,100,100,99.925,82.8571428571428,NA,NA,NA,NA
"215",96.6333333333333,100,100,99.9333333333333,83.5214285714286,NA,NA,NA,NA
"216",96.5985507246377,100,100,99.9291666666667,83.3571428571428,NA,NA,NA,NA
"217",96.6347826086957,100,100,99.9208333333333,83.55,NA,NA,NA,NA
"218",96.7173913043478,100,100,99.9208333333333,83.9571428571429,NA,NA,NA,NA
"219",96.5115942028986,100,100,99.9458333333333,82.9,NA,NA,NA,NA
"220",96.6579710144927,100,100,99.9333333333333,83.6428571428571,NA,NA,NA,NA
"221",96.763768115942,100,100,99.9333333333333,84.1642857142857,NA,NA,NA,NA
"222",96.6884057971015,100,100,99.9416666666667,83.7785714285714,NA,NA,NA,NA
"223",96.8666666666667,100,100,99.9333333333333,84.6714285714286,NA,NA,NA,NA
"224",96.7913043478261,100,100,99.9583333333333,84.2571428571429,NA,NA,NA,NA
"225",96.9434782608696,100,100,99.9375,85.0428571428571,NA,NA,NA,NA
"226",96.8130434782609,100,100,99.9416666666667,84.3928571428572,NA,NA,NA,NA
"227",97.0275362318841,100,100,99.9625,85.4142857142857,NA,NA,NA,NA
"228",96.904347826087,100,100,99.9583333333333,84.8142857142857,NA,NA,NA,NA
"229",96.9217391304348,100,100,99.9458333333333,84.9214285714286,NA,NA,NA,NA
"230",96.9739130434783,100,100,99.9333333333333,85.2,NA,NA,NA,NA
"231",97.1086956521739,100,100,99.9375,85.8571428571429,NA,NA,NA,NA
"232",97.0304347826087,100,100,99.9541666666667,85.4428571428571,NA,NA,NA,NA
"233",97.0188405797101,100,100,99.9791666666667,85.3428571428571,NA,NA,NA,NA
"234",96.9173913043478,100,100,99.9666666666667,84.8642857142857,NA,NA,NA,NA
"235",97.1550724637681,100,100,99.9625,86.0428571428571,NA,NA,NA,NA
"236",97.1391304347826,100,100,99.9833333333333,85.9285714285714,NA,NA,NA,NA
"237",97.1623188405797,100,100,99.9333333333333,86.1285714285714,NA,NA,NA,NA
"238",97.2,100,100,99.975,86.2428571428571,NA,NA,NA,NA
"239",97.163768115942,100,100,99.9666666666667,86.0785714285714,NA,NA,NA,NA
"240",97.1289855072464,100,100,99.9583333333333,85.9214285714286,NA,NA,NA,NA
"241",97.2550724637681,100,100,99.9666666666667,86.5285714285714,NA,NA,NA,NA
"242",97.1942028985507,100,100,99.9875,86.1928571428571,NA,NA,NA,NA
"243",97.2927536231884,100,100,99.9708333333333,86.7071428571429,NA,NA,NA,NA
"244",97.2884057971014,100,100,99.95,86.7214285714286,NA,NA,NA,NA
"245",97.4898550724638,100,100,99.975,87.6714285714286,NA,NA,NA,NA
"246",97.4,100,100,99.9583333333333,87.2571428571429,NA,NA,NA,NA
"247",97.3898550724638,100,100,99.9791666666667,87.1714285714286,NA,NA,NA,NA
"248",97.3086956521739,100,100,99.9958333333333,86.7428571428571,NA,NA,NA,NA
"249",97.3507246376812,100,100,99.9791666666667,86.9785714285714,NA,NA,NA,NA
"250",97.4608695652174,100,100,99.9625,87.55,NA,NA,NA,NA
"251",97.4072463768116,100,100,99.9833333333333,87.25,NA,NA,NA,NA
"252",97.4898550724638,100,100,99.9875,87.65,NA,NA,NA,NA
"253",97.5173913043478,100,100,99.9833333333333,87.7928571428571,NA,NA,NA,NA
"254",97.4666666666667,100,100,99.9833333333333,87.5428571428571,NA,NA,NA,NA
"255",97.6173913043478,100,100,99.9833333333333,88.2857142857143,NA,NA,NA,NA
"256",97.5608695652174,100,100,99.9625,88.0428571428571,NA,NA,NA,NA
"257",97.5173913043478,100,100,99.975,87.8071428571429,NA,NA,NA,NA
"258",97.5855072463768,100,100,99.9791666666667,88.1357142857143,NA,NA,NA,NA
"259",97.6,100,100,99.9875,88.1928571428571,NA,NA,NA,NA
"260",97.5956521739131,100,100,99.975,88.1928571428571,NA,NA,NA,NA
"261",97.6565217391304,100,100,99.9833333333333,88.4785714285714,NA,NA,NA,NA
"262",97.6826086956522,100,100,100,88.5785714285714,NA,NA,NA,NA
"263",97.6608695652174,100,100,99.9791666666667,88.5071428571429,NA,NA,NA,NA
"264",97.7739130434783,100,100,99.9916666666667,89.0428571428571,NA,NA,NA,NA
"265",97.5942028985507,100,100,99.9791666666667,88.1785714285714,NA,NA,NA,NA
"266",97.7014492753623,100,100,99.9916666666667,88.6857142857143,NA,NA,NA,NA
"267",97.804347826087,100,100,99.9833333333333,89.2071428571429,NA,NA,NA,NA
"268",97.7869565217391,100,100,99.9791666666667,89.1285714285714,NA,NA,NA,NA
"269",97.9173913043478,100,100,99.9791666666667,89.7714285714286,NA,NA,NA,NA
"270",97.7579710144928,100,100,99.9916666666667,88.9642857142857,NA,NA,NA,NA
"271",97.8913043478261,100,100,99.9958333333333,89.6142857142857,NA,NA,NA,NA
"272",97.9333333333333,100,100,99.9916666666667,89.8285714285714,NA,NA,NA,NA
"273",97.8347826086957,100,100,99.9875,89.35,NA,NA,NA,NA
"274",97.8942028985507,100,100,99.9958333333333,89.6285714285714,NA,NA,NA,NA
"275",97.9391304347826,100,100,99.9916666666667,89.8571428571429,NA,NA,NA,NA
"276",97.8971014492754,100,100,99.9958333333333,89.6428571428572,NA,NA,NA,NA
"277",97.9,100,100,99.9833333333333,89.6785714285714,NA,NA,NA,NA
"278",97.9086956521739,100,100,99.9958333333333,89.7,NA,NA,NA,NA
"279",97.9710144927536,100,100,99.9958333333333,90.0071428571429,NA,NA,NA,NA
"280",97.9,100,100,99.9958333333333,89.6571428571429,NA,NA,NA,NA
"281",98.0536231884058,100,100,99.9916666666667,90.4214285714286,NA,NA,NA,NA
"282",98.0652173913043,100,100,99.9916666666667,90.4785714285714,NA,NA,NA,NA
"283",98.0739130434783,100,100,100,90.5071428571429,NA,NA,NA,NA
"284",98.0579710144928,100,100,100,90.4285714285714,NA,NA,NA,NA
"285",98.0768115942029,100,100,100,90.5214285714286,NA,NA,NA,NA
"286",98.0971014492754,100,100,100,90.6214285714286,NA,NA,NA,NA
"287",98.1492753623188,100,100,99.9875,90.9,NA,NA,NA,NA
"288",98.168115942029,100,100,99.9916666666667,90.9857142857143,NA,NA,NA,NA
"289",98.1855072463768,100,100,100,91.0571428571429,NA,NA,NA,NA
"290",98.2347826086957,100,100,100,91.3,NA,NA,NA,NA
"291",98.1492753623188,100,100,99.9958333333333,90.8857142857143,NA,NA,NA,NA
"292",98.2057971014493,100,100,100,91.1571428571429,NA,NA,NA,NA
"293",98.2333333333333,100,100,99.9958333333333,91.3,NA,NA,NA,NA
"294",98.2333333333333,100,100,99.9875,91.3142857142857,NA,NA,NA,NA
"295",98.2289855072464,100,100,99.9916666666667,91.2857142857143,NA,NA,NA,NA
"296",98.1913043478261,100,100,99.9875,91.1071428571428,NA,NA,NA,NA
"297",98.3072463768116,100,100,99.9916666666667,91.6714285714286,NA,NA,NA,NA
"298",98.3347826086957,100,100,99.9958333333333,91.8,NA,NA,NA,NA
"299",98.3869565217391,100,100,100,92.05,NA,NA,NA,NA
"300",98.3115942028986,100,100,100,91.6785714285714,NA,NA,NA,NA
"301",98.3478260869565,100,100,100,91.8571428571429,NA,NA,NA,NA
"302",98.3347826086957,100,100,99.9875,91.8142857142857,NA,NA,NA,NA
"303",98.3492753623188,100,100,100,91.8642857142857,NA,NA,NA,NA
"304",98.3985507246377,100,100,100,92.1071428571429,NA,NA,NA,NA
"305",98.3971014492754,100,100,99.9958333333333,92.1071428571429,NA,NA,NA,NA
"306",98.3942028985507,100,100,100,92.0857142857143,NA,NA,NA,NA
"307",98.363768115942,100,100,100,91.9357142857143,NA,NA,NA,NA
"308",98.4507246376812,100,100,100,92.3642857142857,NA,NA,NA,NA
"309",98.4782608695652,100,100,100,92.5,NA,NA,NA,NA
"310",98.5202898550725,100,100,99.9958333333333,92.7142857142857,NA,NA,NA,NA
"311",98.4420289855072,100,100,99.9958333333333,92.3285714285714,NA,NA,NA,NA
"312",98.4463768115942,100,100,100,92.3428571428571,NA,NA,NA,NA
"313",98.4927536231884,100,100,100,92.5714285714286,NA,NA,NA,NA
"314",98.5304347826087,100,100,99.9958333333333,92.7642857142857,NA,NA,NA,NA
"315",98.5507246376812,100,100,99.9958333333333,92.8642857142857,NA,NA,NA,NA
"316",98.6260869565217,100,100,100,93.2285714285714,NA,NA,NA,NA
"317",98.5695652173913,100,100,99.9958333333333,92.9571428571429,NA,NA,NA,NA
"318",98.5652173913043,100,100,99.9958333333333,92.9357142857143,NA,NA,NA,NA
"319",98.6,100,100,99.9916666666667,93.1142857142857,NA,NA,NA,NA
"320",98.6623188405797,100,100,100,93.4071428571429,NA,NA,NA,NA
"321",98.6101449275362,100,100,100,93.15,NA,NA,NA,NA
"322",98.6086956521739,100,100,99.9958333333333,93.15,NA,NA,NA,NA
"323",98.631884057971,100,100,100,93.2571428571429,NA,NA,NA,NA
"324",98.6884057971015,100,100,100,93.5357142857143,NA,NA,NA,NA
"325",98.7666666666667,100,100,100,93.9214285714286,NA,NA,NA,NA
"326",98.7333333333333,100,100,100,93.7571428571429,NA,NA,NA,NA
"327",98.7376811594203,100,100,100,93.7785714285714,NA,NA,NA,NA
"328",98.6333333333333,100,100,100,93.2642857142857,NA,NA,NA,NA
"329",98.7739130434783,100,100,100,93.9571428571429,NA,NA,NA,NA
"330",98.736231884058,100,100,100,93.7714285714286,NA,NA,NA,NA
"331",98.7376811594203,100,100,99.9958333333333,93.7857142857143,NA,NA,NA,NA
"332",98.7811594202899,100,100,100,93.9928571428571,NA,NA,NA,NA
"333",98.7159420289855,100,100,100,93.6714285714286,NA,NA,NA,NA
"334",98.7565217391304,100,100,100,93.8714285714286,NA,NA,NA,NA
"335",98.7478260869565,100,100,100,93.8285714285714,NA,NA,NA,NA
"336",98.7753623188406,100,100,100,93.9642857142857,NA,NA,NA,NA
"337",98.7492753623188,100,100,100,93.8357142857143,NA,NA,NA,NA
"338",98.8217391304348,100,100,99.9958333333333,94.2,NA,NA,NA,NA
"339",98.8492753623188,100,100,99.9958333333333,94.3357142857143,NA,NA,NA,NA
"340",98.8710144927536,100,100,100,94.4357142857143,NA,NA,NA,NA
"341",98.8231884057971,100,100,100,94.2,NA,NA,NA,NA
"342",98.8782608695652,100,100,100,94.4714285714286,NA,NA,NA,NA
"343",98.9057971014493,100,100,100,94.6071428571429,NA,NA,NA,NA
"344",98.8710144927536,100,100,100,94.4357142857143,NA,NA,NA,NA
"345",98.8405797101449,100,100,100,94.2857142857143,NA,NA,NA,NA
"346",98.9623188405797,100,100,100,94.8857142857143,NA,NA,NA,NA
"347",98.8811594202899,100,100,100,94.4857142857143,NA,NA,NA,NA
"348",98.9275362318841,100,100,100,94.7142857142857,NA,NA,NA,NA
"349",98.9608695652174,100,100,100,94.8785714285714,NA,NA,NA,NA
"350",98.9231884057971,100,100,100,94.6928571428572,NA,NA,NA,NA
"351",98.9782608695652,100,100,100,94.9642857142857,NA,NA,NA,NA
"352",98.936231884058,100,100,100,94.7571428571429,NA,NA,NA,NA
"353",98.9159420289855,100,100,100,94.6571428571429,NA,NA,NA,NA
"354",98.9521739130435,100,100,100,94.8357142857143,NA,NA,NA,NA
"355",98.9782608695652,100,100,100,94.9642857142857,NA,NA,NA,NA
"356",98.9884057971014,100,100,100,95.0142857142857,NA,NA,NA,NA
"357",99.0246376811594,100,100,99.9958333333333,95.2,NA,NA,NA,NA
"358",99.031884057971,100,100,100,95.2285714285714,NA,NA,NA,NA
"359",99.1391304347826,100,100,100,95.7571428571429,NA,NA,NA,NA
"360",99.136231884058,100,100,100,95.7428571428571,NA,NA,NA,NA
"361",99.0797101449275,100,100,100,95.4642857142857,NA,NA,NA,NA
"362",99.0652173913043,100,100,100,95.3928571428571,NA,NA,NA,NA
"363",99.0695652173913,100,100,100,95.4142857142857,NA,NA,NA,NA
"364",99.0797101449275,100,100,100,95.4642857142857,NA,NA,NA,NA
"365",99.0695652173913,100,100,100,95.4142857142857,NA,NA,NA,NA
"366",99.0768115942029,100,100,100,95.45,NA,NA,NA,NA
"367",99.0985507246377,100,100,100,95.5571428571429,NA,NA,NA,NA
"368",99.1072463768116,100,100,100,95.6,NA,NA,NA,NA
"369",99.1275362318841,100,100,100,95.7,NA,NA,NA,NA
"370",99.1478260869565,100,100,100,95.8,NA,NA,NA,NA
"371",99.1333333333333,100,100,99.9958333333333,95.7357142857143,NA,NA,NA,NA
"372",99.1144927536232,100,100,100,95.6357142857143,NA,NA,NA,NA
"373",99.1144927536232,100,100,100,95.6357142857143,NA,NA,NA,NA
"374",99.131884057971,100,100,100,95.7214285714286,NA,NA,NA,NA
"375",99.2,100,100,100,96.0571428571429,NA,NA,NA,NA
"376",99.1753623188406,100,100,100,95.9357142857143,NA,NA,NA,NA
"377",99.1913043478261,100,100,100,96.0142857142857,NA,NA,NA,NA
"378",99.2449275362319,100,100,100,96.2785714285714,NA,NA,NA,NA
"379",99.1811594202899,100,100,100,95.9642857142857,NA,NA,NA,NA
"380",99.2492753623188,100,100,100,96.3,NA,NA,NA,NA
"381",99.2028985507246,100,100,100,96.0714285714286,NA,NA,NA,NA
"382",99.2405797101449,100,100,100,96.2571428571429,NA,NA,NA,NA
"383",99.2434782608696,100,100,100,96.2714285714286,NA,NA,NA,NA
"384",99.2550724637681,100,100,100,96.3285714285714,NA,NA,NA,NA
"385",99.2884057971014,100,100,100,96.4928571428571,NA,NA,NA,NA
"386",99.2492753623188,100,100,100,96.3,NA,NA,NA,NA
"387",99.1898550724638,100,100,100,96.0071428571429,NA,NA,NA,NA
"388",99.2869565217391,100,100,100,96.4857142857143,NA,NA,NA,NA
"389",99.2913043478261,100,100,100,96.5071428571429,NA,NA,NA,NA
"390",99.2768115942029,100,100,100,96.4357142857143,NA,NA,NA,NA
"391",99.2869565217391,100,100,100,96.4857142857143,NA,NA,NA,NA
"392",99.2840579710145,100,100,100,96.4714285714286,NA,NA,NA,NA
"393",99.3072463768116,100,100,100,96.5857142857143,NA,NA,NA,NA
"394",99.2927536231884,100,100,100,96.5142857142857,NA,NA,NA,NA
"395",99.3304347826087,100,100,100,96.7,NA,NA,NA,NA
"396",99.3217391304348,100,100,100,96.6571428571429,NA,NA,NA,NA
"397",99.363768115942,100,100,100,96.8642857142857,NA,NA,NA,NA
"398",99.3478260869565,100,100,100,96.7857142857143,NA,NA,NA,NA
"399",99.3057971014493,100,100,100,96.5785714285714,NA,NA,NA,NA
"400",99.4231884057971,100,100,100,97.1571428571429,NA,NA,NA,NA
"401",99.3739130434783,100,100,100,96.9142857142857,NA,NA,NA,NA
"402",99.3666666666667,100,100,100,96.8785714285714,NA,NA,NA,NA
"403",99.4028985507246,100,100,100,97.0571428571428,NA,NA,NA,NA
"404",99.4,100,100,100,97.0428571428571,NA,NA,NA,NA
"405",99.436231884058,100,100,100,97.2214285714286,NA,NA,NA,NA
"406",99.4159420289855,100,100,100,97.1214285714286,NA,NA,NA,NA
"407",99.4623188405797,100,100,100,97.35,NA,NA,NA,NA
"408",99.4478260869565,100,100,100,97.2785714285714,NA,NA,NA,NA
"409",99.463768115942,100,100,100,97.3571428571428,NA,NA,NA,NA
"410",99.4333333333333,100,100,100,97.2071428571429,NA,NA,NA,NA
"411",99.3985507246377,100,100,100,97.0357142857143,NA,NA,NA,NA
"412",99.4579710144928,100,100,100,97.3285714285714,NA,NA,NA,NA
"413",99.3884057971015,100,100,100,96.9857142857143,NA,NA,NA,NA
"414",99.4724637681159,100,100,100,97.4,NA,NA,NA,NA
"415",99.4811594202899,100,100,100,97.4428571428571,NA,NA,NA,NA
"416",99.4942028985507,100,100,100,97.5071428571429,NA,NA,NA,NA
"417",99.4695652173913,100,100,100,97.3857142857143,NA,NA,NA,NA
"418",99.5202898550725,100,100,100,97.6357142857143,NA,NA,NA,NA
"419",99.5072463768116,100,100,100,97.5714285714286,NA,NA,NA,NA
"420",99.4942028985507,100,100,100,97.5071428571429,NA,NA,NA,NA
"421",99.5028985507246,100,100,100,97.55,NA,NA,NA,NA
"422",99.4768115942029,100,100,100,97.4214285714286,NA,NA,NA,NA
"423",99.5014492753623,100,100,100,97.5428571428571,NA,NA,NA,NA
"424",99.5449275362319,100,100,100,97.7571428571429,NA,NA,NA,NA
"425",99.5231884057971,100,100,100,97.65,NA,NA,NA,NA
"426",99.536231884058,100,100,100,97.7142857142857,NA,NA,NA,NA
"427",99.5695652173913,100,100,100,97.8785714285714,NA,NA,NA,NA
"428",99.4753623188406,100,100,100,97.4142857142857,NA,NA,NA,NA
"429",99.5565217391304,100,100,100,97.8142857142857,NA,NA,NA,NA
"430",99.5623188405797,100,100,100,97.8428571428571,NA,NA,NA,NA
"431",99.5927536231884,100,100,100,97.9928571428571,NA,NA,NA,NA
"432",99.5753623188406,100,100,100,97.9071428571429,NA,NA,NA,NA
"433",99.6014492753623,100,100,100,98.0357142857143,NA,NA,NA,NA
"434",99.6376811594203,100,100,100,98.2142857142857,NA,NA,NA,NA
"435",99.5550724637681,100,100,100,97.8071428571429,NA,NA,NA,NA
"436",99.5884057971015,100,100,100,97.9714285714286,NA,NA,NA,NA
"437",99.5884057971015,100,100,100,97.9714285714286,NA,NA,NA,NA
"438",99.5608695652174,100,100,100,97.8357142857143,NA,NA,NA,NA
"439",99.6057971014493,100,100,100,98.0571428571428,NA,NA,NA,NA
"440",99.604347826087,100,100,100,98.05,NA,NA,NA,NA
"441",99.6173913043478,100,100,100,98.1142857142857,NA,NA,NA,NA
"442",99.6,100,100,100,98.0285714285714,NA,NA,NA,NA
"443",99.6217391304348,100,100,100,98.1357142857143,NA,NA,NA,NA
"444",99.5913043478261,100,100,100,97.9857142857143,NA,NA,NA,NA
"445",99.6652173913044,100,100,100,98.35,NA,NA,NA,NA
"446",99.6246376811594,100,100,100,98.15,NA,NA,NA,NA
"447",99.6130434782609,100,100,100,98.0928571428571,NA,NA,NA,NA
"448",99.6304347826087,100,100,100,98.1785714285714,NA,NA,NA,NA
"449",99.6333333333333,100,100,100,98.1928571428572,NA,NA,NA,NA
"450",99.6565217391304,100,100,100,98.3071428571429,NA,NA,NA,NA
"451",99.6608695652174,100,100,100,98.3285714285714,NA,NA,NA,NA
"452",99.6579710144928,100,100,100,98.3142857142857,NA,NA,NA,NA
"453",99.6449275362319,100,100,100,98.25,NA,NA,NA,NA
"454",99.6391304347826,100,100,100,98.2214285714286,NA,NA,NA,NA
"455",99.6927536231884,100,100,100,98.4857142857143,NA,NA,NA,NA
"456",99.7086956521739,100,100,100,98.5642857142857,NA,NA,NA,NA
"457",99.7072463768116,100,100,100,98.5571428571428,NA,NA,NA,NA
"458",99.7028985507246,100,100,100,98.5357142857143,NA,NA,NA,NA
"459",99.7101449275362,100,100,100,98.5714285714286,NA,NA,NA,NA
"460",99.6463768115942,100,100,100,98.2571428571429,NA,NA,NA,NA
"461",99.7492753623188,100,100,100,98.7642857142857,NA,NA,NA,NA
"462",99.7333333333333,100,100,100,98.6857142857143,NA,NA,NA,NA
"463",99.7376811594203,100,100,100,98.7071428571429,NA,NA,NA,NA
"464",99.7130434782609,100,100,100,98.5857142857143,NA,NA,NA,NA
"465",99.7231884057971,100,100,100,98.6357142857143,NA,NA,NA,NA
"466",99.704347826087,100,100,100,98.5428571428571,NA,NA,NA,NA
"467",99.7405797101449,100,100,100,98.7214285714286,NA,NA,NA,NA
"468",99.7594202898551,100,100,100,98.8142857142857,NA,NA,NA,NA
"469",99.7623188405797,100,100,100,98.8285714285714,NA,NA,NA,NA
"470",99.7594202898551,100,100,100,98.8142857142857,NA,NA,NA,NA
"471",99.7231884057971,100,100,100,98.6357142857143,NA,NA,NA,NA
"472",99.763768115942,100,100,100,98.8357142857143,NA,NA,NA,NA
"473",99.7579710144928,100,100,100,98.8071428571429,NA,NA,NA,NA
"474",99.7449275362319,100,100,100,98.7428571428571,NA,NA,NA,NA
"475",99.7521739130435,100,100,100,98.7785714285714,NA,NA,NA,NA
"476",99.7710144927536,100,100,100,98.8714285714286,NA,NA,NA,NA
"477",99.7550724637681,100,100,100,98.7928571428571,NA,NA,NA,NA
"478",99.7594202898551,100,100,100,98.8142857142857,NA,NA,NA,NA
"479",99.7434782608696,100,100,100,98.7357142857143,NA,NA,NA,NA
"480",99.7652173913043,100,100,100,98.8428571428571,NA,NA,NA,NA
"481",99.7869565217391,100,100,100,98.95,NA,NA,NA,NA
"482",99.7971014492754,100,100,100,99,NA,NA,NA,NA
"483",99.8173913043478,100,100,100,99.1,NA,NA,NA,NA
"484",99.7884057971014,100,100,100,98.9571428571429,NA,NA,NA,NA
"485",99.8028985507246,100,100,100,99.0285714285714,NA,NA,NA,NA
"486",99.7782608695652,100,100,100,98.9071428571429,NA,NA,NA,NA
"487",99.7811594202899,100,100,100,98.9214285714286,NA,NA,NA,NA
"488",99.8202898550725,100,100,100,99.1142857142857,NA,NA,NA,NA
"489",99.8202898550725,100,100,100,99.1142857142857,NA,NA,NA,NA
"490",99.7985507246377,100,100,100,99.0071428571429,NA,NA,NA,NA
"491",99.8202898550725,100,100,100,99.1142857142857,NA,NA,NA,NA
"492",99.8188405797101,100,100,100,99.1071428571429,NA,NA,NA,NA
"493",99.8028985507246,100,100,100,99.0285714285714,NA,NA,NA,NA
"494",99.8376811594203,100,100,100,99.2,NA,NA,NA,NA
"495",99.8333333333333,100,100,100,99.1785714285714,NA,NA,NA,NA
"496",99.8028985507246,100,100,100,99.0285714285714,NA,NA,NA,NA
"497",99.8072463768116,100,100,100,99.05,NA,NA,NA,NA
"498",99.8289855072464,100,100,100,99.1571428571429,NA,NA,NA,NA
"499",99.8275362318841,100,100,100,99.15,NA,NA,NA,NA
"500",99.8144927536232,100,100,100,99.0857142857143,NA,NA,NA,NA
"501",99.8144927536232,100,100,100,99.0857142857143,NA,NA,NA,NA
"502",99.8550724637681,100,100,100,99.2857142857143,NA,NA,NA,NA
"503",99.8333333333333,100,100,100,99.1785714285714,NA,NA,NA,NA
"504",99.8246376811594,100,100,100,99.1357142857143,NA,NA,NA,NA
"505",99.8478260869565,100,100,100,99.25,NA,NA,NA,NA
"506",99.863768115942,100,100,100,99.3285714285714,NA,NA,NA,NA
"507",99.8405797101449,100,100,100,99.2142857142857,NA,NA,NA,NA
"508",99.8594202898551,100,100,100,99.3071428571429,NA,NA,NA,NA
"509",99.8579710144927,100,100,100,99.3,NA,NA,NA,NA
"510",99.8623188405797,100,100,100,99.3214285714286,NA,NA,NA,NA
"511",99.8376811594203,100,100,100,99.2,NA,NA,NA,NA
"512",99.8797101449275,100,100,100,99.4071428571429,NA,NA,NA,NA
"513",99.8463768115942,100,100,100,99.2428571428571,NA,NA,NA,NA
"514",99.8289855072464,100,100,100,99.1571428571429,NA,NA,NA,NA
"515",99.8521739130435,100,100,100,99.2714285714286,NA,NA,NA,NA
"516",99.8811594202899,100,100,100,99.4142857142857,NA,NA,NA,NA
"517",99.8797101449275,100,100,100,99.4071428571429,NA,NA,NA,NA
"518",99.8507246376812,100,100,100,99.2642857142857,NA,NA,NA,NA
"519",99.8826086956522,100,100,100,99.4214285714286,NA,NA,NA,NA
"520",99.8782608695652,100,100,100,99.4,NA,NA,NA,NA
"521",99.8898550724638,100,100,100,99.4571428571429,NA,NA,NA,NA
"522",99.8985507246377,100,100,100,99.5,NA,NA,NA,NA
"523",99.8768115942029,100,100,100,99.3928571428571,NA,NA,NA,NA
"524",99.8898550724638,100,100,100,99.4571428571429,NA,NA,NA,NA
"525",99.9144927536232,100,100,100,99.5785714285714,NA,NA,NA,NA
"526",99.8913043478261,100,100,100,99.4642857142857,NA,NA,NA,NA
"527",99.8913043478261,100,100,100,99.4642857142857,NA,NA,NA,NA
"528",99.9115942028985,100,100,100,99.5642857142857,NA,NA,NA,NA
"529",99.8913043478261,100,100,100,99.4642857142857,NA,NA,NA,NA
"530",99.8913043478261,100,100,100,99.4642857142857,NA,NA,NA,NA
"531",99.8884057971015,100,100,100,99.45,NA,NA,NA,NA
"532",99.8782608695652,100,100,100,99.4,NA,NA,NA,NA
"533",99.9101449275362,100,100,100,99.5571428571428,NA,NA,NA,NA
"534",99.9101449275362,100,100,100,99.5571428571428,NA,NA,NA,NA
"535",99.9101449275362,100,100,100,99.5571428571428,NA,NA,NA,NA
"536",99.9115942028985,100,100,100,99.5642857142857,NA,NA,NA,NA
"537",99.9,100,100,100,99.5071428571429,NA,NA,NA,NA
"538",99.9086956521739,100,100,100,99.55,NA,NA,NA,NA
"539",99.9275362318841,100,100,100,99.6428571428571,NA,NA,NA,NA
"540",99.9115942028985,100,100,100,99.5642857142857,NA,NA,NA,NA
"541",99.9057971014493,100,100,100,99.5357142857143,NA,NA,NA,NA
"542",99.9231884057971,100,100,100,99.6214285714286,NA,NA,NA,NA
"543",99.931884057971,100,100,100,99.6642857142857,NA,NA,NA,NA
"544",99.9217391304348,100,100,100,99.6142857142857,NA,NA,NA,NA
"545",99.9144927536232,100,100,100,99.5785714285714,NA,NA,NA,NA
"546",99.9275362318841,100,100,100,99.6428571428571,NA,NA,NA,NA
"547",99.9260869565217,100,100,100,99.6357142857143,NA,NA,NA,NA
"548",99.9405797101449,100,100,100,99.7071428571429,NA,NA,NA,NA
"549",99.9507246376811,100,100,100,99.7571428571429,NA,NA,NA,NA
"550",99.9246376811594,100,100,100,99.6285714285714,NA,NA,NA,NA
"551",99.9405797101449,100,100,100,99.7071428571429,NA,NA,NA,NA
"552",99.9304347826087,100,100,100,99.6571428571429,NA,NA,NA,NA
"553",99.9376811594203,100,100,100,99.6928571428571,NA,NA,NA,NA
"554",99.931884057971,100,100,100,99.6642857142857,NA,NA,NA,NA
"555",99.9405797101449,100,100,100,99.7071428571429,NA,NA,NA,NA
"556",99.9463768115942,100,100,100,99.7357142857143,NA,NA,NA,NA
"557",99.9420289855072,100,100,100,99.7142857142857,NA,NA,NA,NA
"558",99.9434782608696,100,100,100,99.7214285714286,NA,NA,NA,NA
"559",99.936231884058,100,100,100,99.6857142857143,NA,NA,NA,NA
"560",99.9594202898551,100,100,100,99.8,NA,NA,NA,NA
"561",99.9275362318841,100,100,100,99.6428571428571,NA,NA,NA,NA
"562",99.9391304347826,100,100,100,99.7,NA,NA,NA,NA
"563",99.9405797101449,100,100,100,99.7071428571429,NA,NA,NA,NA
"564",99.9434782608696,100,100,100,99.7214285714286,NA,NA,NA,NA
"565",99.9492753623188,100,100,100,99.75,NA,NA,NA,NA
"566",99.9463768115942,100,100,100,99.7357142857143,NA,NA,NA,NA
"567",99.9463768115942,100,100,100,99.7357142857143,NA,NA,NA,NA
"568",99.9420289855072,100,100,100,99.7142857142857,NA,NA,NA,NA
"569",99.9434782608696,100,100,100,99.7214285714286,NA,NA,NA,NA
"570",99.9594202898551,100,100,100,99.8,NA,NA,NA,NA
"571",99.9608695652174,100,100,100,99.8071428571429,NA,NA,NA,NA
"572",99.9695652173913,100,100,100,99.85,NA,NA,NA,NA
"573",99.9608695652174,100,100,100,99.8071428571429,NA,NA,NA,NA
"574",99.9652173913043,100,100,100,99.8285714285714,NA,NA,NA,NA
"575",99.9623188405797,100,100,100,99.8142857142857,NA,NA,NA,NA
"576",99.9507246376811,100,100,100,99.7571428571429,NA,NA,NA,NA
"577",99.963768115942,100,100,100,99.8214285714286,NA,NA,NA,NA
"578",99.9695652173913,100,100,100,99.85,NA,NA,NA,NA
"579",99.9608695652174,100,100,100,99.8071428571429,NA,NA,NA,NA
"580",99.9695652173913,100,100,100,99.85,NA,NA,NA,NA
"581",99.963768115942,100,100,100,99.8214285714286,NA,NA,NA,NA
"582",99.9797101449275,100,100,100,99.9,NA,NA,NA,NA
"583",99.9782608695652,100,100,100,99.8928571428571,NA,NA,NA,NA
"584",99.9608695652174,100,100,100,99.8071428571429,NA,NA,NA,NA
"585",99.9608695652174,100,100,100,99.8071428571429,NA,NA,NA,NA
"586",99.963768115942,100,100,100,99.8214285714286,NA,NA,NA,NA
"587",99.9739130434783,100,100,100,99.8714285714286,NA,NA,NA,NA
"588",99.9666666666667,100,100,100,99.8357142857143,NA,NA,NA,NA
"589",99.9782608695652,100,100,100,99.8928571428571,NA,NA,NA,NA
"590",99.9695652173913,100,100,100,99.85,NA,NA,NA,NA
"591",99.968115942029,100,100,100,99.8428571428571,NA,NA,NA,NA
"592",99.9797101449275,100,100,100,99.9,NA,NA,NA,NA
"593",99.9724637681159,100,100,100,99.8642857142857,NA,NA,NA,NA
"594",99.9753623188406,100,100,100,99.8785714285714,NA,NA,NA,NA
"595",99.9797101449275,100,100,100,99.9,NA,NA,NA,NA
"596",99.9797101449275,100,100,100,99.9,NA,NA,NA,NA
"597",99.9826086956522,100,100,100,99.9142857142857,NA,NA,NA,NA
"598",99.9840579710145,100,100,100,99.9214285714286,NA,NA,NA,NA
"599",99.9826086956522,100,100,100,99.9142857142857,NA,NA,NA,NA
"600",99.9826086956522,100,100,100,99.9142857142857,NA,NA,NA,NA
"601",99.9782608695652,100,100,100,99.8928571428571,NA,NA,NA,NA
"602",99.9855072463768,100,100,100,99.9285714285714,NA,NA,NA,NA
"603",99.9884057971014,100,100,100,99.9428571428572,NA,NA,NA,NA
"604",99.9840579710145,100,100,100,99.9214285714286,NA,NA,NA,NA
"605",99.9869565217391,100,100,100,99.9357142857143,NA,NA,NA,NA
"606",99.9869565217391,100,100,100,99.9357142857143,NA,NA,NA,NA
"607",99.9869565217391,100,100,100,99.9357142857143,NA,NA,NA,NA
"608",99.9855072463768,100,100,100,99.9285714285714,NA,NA,NA,NA
"609",99.9898550724638,100,100,100,99.95,NA,NA,NA,NA
"610",99.9869565217391,100,100,100,99.9357142857143,NA,NA,NA,NA
"611",99.9840579710145,100,100,100,99.9214285714286,NA,NA,NA,NA
"612",99.9884057971014,100,100,100,99.9428571428572,NA,NA,NA,NA
"613",99.9869565217391,100,100,100,99.9357142857143,NA,NA,NA,NA
"614",99.995652173913,100,100,100,99.9785714285714,NA,NA,NA,NA
"615",99.9898550724638,100,100,100,99.95,NA,NA,NA,NA
"616",99.9971014492754,100,100,100,99.9857142857143,NA,NA,NA,NA
"617",99.995652173913,100,100,100,99.9785714285714,NA,NA,NA,NA
"618",99.9942028985507,100,100,100,99.9714285714286,NA,NA,NA,NA
"619",99.9884057971014,100,100,100,99.9428571428572,NA,NA,NA,NA
"620",99.9971014492754,100,100,100,99.9857142857143,NA,NA,NA,NA
"621",99.9913043478261,100,100,100,99.9571428571429,NA,NA,NA,NA
"622",99.9927536231884,100,100,100,99.9642857142857,NA,NA,NA,NA
"623",99.9869565217391,100,100,100,99.9357142857143,NA,NA,NA,NA
"624",99.995652173913,100,100,100,99.9785714285714,NA,NA,NA,NA
"625",99.9869565217391,100,100,100,99.9357142857143,NA,NA,NA,NA
"626",99.9985507246377,100,100,100,99.9928571428571,NA,NA,NA,NA
"627",99.9927536231884,100,100,100,99.9642857142857,NA,NA,NA,NA
"628",99.9942028985507,100,100,100,99.9714285714286,NA,NA,NA,NA
"629",99.9971014492754,100,100,100,99.9857142857143,NA,NA,NA,NA
"630",99.9942028985507,100,100,100,99.9714285714286,NA,NA,NA,NA
"631",99.9913043478261,100,100,100,99.9571428571429,NA,NA,NA,NA
"632",99.995652173913,100,100,100,99.9785714285714,NA,NA,NA,NA
"633",99.9927536231884,100,100,100,99.9642857142857,NA,NA,NA,NA
"634",99.9942028985507,100,100,100,99.9714285714286,NA,NA,NA,NA
"635",99.9971014492754,100,100,100,99.9857142857143,NA,NA,NA,NA
"636",99.995652173913,100,100,100,99.9785714285714,NA,NA,NA,NA
"637",99.995652173913,100,100,100,99.9785714285714,NA,NA,NA,NA
"638",99.9927536231884,100,100,100,99.9642857142857,NA,NA,NA,NA
"639",99.9942028985507,100,100,100,99.9714285714286,NA,NA,NA,NA
"640",99.9927536231884,100,100,100,99.9642857142857,NA,NA,NA,NA
"641",99.995652173913,100,100,100,99.9785714285714,NA,NA,NA,NA
"642",99.9942028985507,100,100,100,99.9714285714286,NA,NA,NA,NA
"643",99.9985507246377,100,100,100,99.9928571428571,NA,NA,NA,NA
"644",99.995652173913,100,100,100,99.9785714285714,NA,NA,NA,NA
"645",99.9942028985507,100,100,100,99.9714285714286,NA,NA,NA,NA
"646",99.9985507246377,100,100,100,99.9928571428571,NA,NA,NA,NA
"647",100,100,100,100,100,NA,NA,NA,NA
"648",100,100,100,100,100,NA,NA,NA,NA
"649",99.9971014492754,100,100,100,99.9857142857143,NA,NA,NA,NA
"650",99.9942028985507,100,100,100,99.9714285714286,NA,NA,NA,NA
"651",99.9985507246377,100,100,100,99.9928571428571,NA,NA,NA,NA
"652",99.9985507246377,100,100,100,99.9928571428571,NA,NA,NA,NA
"653",99.9971014492754,100,100,100,99.9857142857143,NA,NA,NA,NA
"654",100,100,100,100,100,NA,NA,NA,NA
"655",100,100,100,100,100,NA,NA,NA,NA
"656",100,100,100,100,100,NA,NA,NA,NA
"657",100,100,100,100,100,NA,NA,NA,NA
"658",99.9985507246377,100,100,100,99.9928571428571,NA,NA,NA,NA
"659",100,100,100,100,100,NA,NA,NA,NA
"660",100,100,100,100,100,NA,NA,NA,NA
"661",99.9985507246377,100,100,100,99.9928571428571,NA,NA,NA,NA
"662",100,100,100,100,100,NA,NA,NA,NA
"663",100,100,100,100,100,NA,NA,NA,NA
"664",100,100,100,100,100,NA,NA,NA,NA
"665",99.995652173913,100,100,100,99.9785714285714,NA,NA,NA,NA
"666",100,100,100,100,100,NA,NA,NA,NA
"667",100,100,100,100,100,NA,NA,NA,NA
"668",100,100,100,100,100,NA,NA,NA,NA
"669",100,100,100,100,100,NA,NA,NA,NA
"670",100,100,100,100,100,NA,NA,NA,NA
"671",100,100,100,100,100,NA,NA,NA,NA
"672",100,100,100,100,100,NA,NA,NA,NA
"673",100,100,100,100,100,NA,NA,NA,NA
"674",100,100,100,100,100,NA,NA,NA,NA
"675",100,100,100,100,100,NA,NA,NA,NA
"676",100,100,100,100,100,NA,NA,NA,NA
"677",100,100,100,100,100,NA,NA,NA,NA
"678",100,100,100,100,100,NA,NA,NA,NA
"679",100,100,100,100,100,NA,NA,NA,NA
"680",100,100,100,100,100,NA,NA,NA,NA
"681",100,100,100,100,100,NA,NA,NA,NA
"682",100,100,100,100,100,NA,NA,NA,NA
"683",100,100,100,100,100,NA,NA,NA,NA
"684",100,100,100,100,100,NA,NA,NA,NA
"685",100,100,100,100,100,NA,NA,NA,NA
"686",100,100,100,100,100,NA,NA,NA,NA
"687",100,100,100,100,100,NA,NA,NA,NA
"688",100,100,100,100,100,NA,NA,NA,NA
"689",100,100,100,100,100,NA,NA,NA,NA
"690",100,100,100,100,100,NA,NA,NA,NA
"691",100,100,100,100,100,NA,NA,NA,NA
"692",100,100,100,100,100,NA,NA,NA,NA
"693",100,100,100,100,100,NA,NA,NA,NA
"694",100,100,100,100,100,NA,NA,NA,NA
"695",100,100,100,100,100,NA,NA,NA,NA
"696",100,100,100,100,100,NA,NA,NA,NA
"697",100,100,100,100,100,NA,NA,NA,NA
"698",100,100,100,100,100,NA,NA,NA,NA
"699",100,100,100,100,100,NA,NA,NA,NA
"700",100,100,100,100,100,NA,NA,NA,NA
