"","Ind","Pop","X0C11...1","X0C11...2","X1G13...1","X1G13...2","G07...1","G07...2","X1F02...1","X1F02...2","FIR031...1","FIR031...2","GOT009...1","GOT009...2","POR016...1","POR016...2","FIR013...1","FIR013...2","FIR043...1","FIR043...2","GOTO40...1","GOTO40...2","PIE039...1","PIE039...2","FIR53...1","FIR53...2","FIR048...1","FIR048...2","PIE125...1","PIE125...2","QpZAG9...1","QpZAG9...2"
"278","QAc-W-0001","Porter",200,208,171,187,206,208,157,161,140,166,235,237,118,118,139,139,114,116,232,232,165,165,140,140,192,206,151,151,256,258
"279","QAc-W-0002","Porter",200,200,171,173,206,206,161,161,140,146,235,237,118,118,137,139,114,116,232,238,161,165,134,140,192,210,154,157,248,258
"280","QAc-W-0003","Porter",200,208,171,189,206,206,161,167,146,152,233,233,118,118,139,139,114,118,232,232,165,165,140,140,194,210,151,157,256,258
"281","QAc-W-0004","Porter",200,200,171,189,206,206,161,161,148,152,233,235,118,118,139,139,116,116,232,232,165,165,140,140,206,208,151,151,256,258
"282","QAc-W-0005","Porter",200,200,171,189,206,208,161,163,140,152,233,237,118,118,139,139,114,116,232,232,165,165,137,140,206,210,151,151,254,254
"284","QAc-W-0007","Porter",200,208,189,189,0,0,0,0,144,152,233,235,118,118,139,139,114,116,232,232,165,165,137,140,206,208,151,157,256,258
"285","QAc-W-0008","Porter",200,208,173,189,206,208,161,161,150,152,233,235,118,118,139,139,114,116,232,232,161,165,125,137,204,208,0,0,246,256
"286","QAc-W-0009","Porter",208,210,173,173,206,206,161,161,138,144,239,243,118,118,137,139,114,116,232,238,165,165,134,140,202,210,157,157,246,256
"287","QAc-W-0010","Porter",200,200,171,173,206,208,157,167,152,154,233,235,118,118,139,139,116,116,232,232,165,165,137,137,202,210,151,151,248,254
"288","QAc-W-0011","Porter",200,212,173,189,206,206,153,161,144,152,233,237,118,118,139,139,116,122,232,232,165,165,137,140,206,210,151,157,246,252
"289","QAc-W-0012","Porter",200,212,173,175,206,206,157,167,140,152,233,233,118,124,137,139,114,114,232,232,165,165,134,140,208,210,151,154,248,260
"290","QAc-W-0013","Porter",200,200,171,181,206,206,161,163,144,158,229,233,118,118,137,139,116,130,232,232,165,165,134,134,192,210,151,157,246,248
"291","QAc-W-0014","Porter",200,218,171,173,206,208,161,167,152,152,235,237,118,118,139,139,112,116,232,232,165,165,137,140,192,208,151,151,258,260
"292","QAc-W-0015","Porter",200,224,173,181,206,206,161,163,144,144,235,237,118,118,139,139,112,118,232,232,165,165,134,140,192,210,151,151,248,248
"294","QAc-W-0017","Porter",200,224,171,181,206,206,161,163,140,154,237,245,118,118,139,139,118,118,232,232,161,165,137,137,194,210,157,157,242,256
"295","QAc-W-0018","Porter",202,210,181,187,206,208,163,167,152,152,235,237,118,118,139,139,116,126,232,232,165,165,137,140,206,206,151,157,252,258
"297","QAc-W-0020","Porter",202,208,187,189,206,208,167,167,150,152,233,237,118,118,139,139,116,128,232,232,161,165,137,140,190,214,151,151,254,260
"298","QAc-W-0021","Porter",200,200,171,175,206,206,157,163,148,152,225,241,118,118,139,139,114,116,232,232,165,165,137,140,200,206,151,157,252,258
"299","QAc-W-0022","Porter",200,200,171,179,206,206,163,177,144,148,235,237,118,118,139,139,112,116,232,232,161,165,137,137,190,210,139,151,246,258
"300","QAc-W-0023","Porter",200,216,171,171,206,206,161,163,138,160,237,245,118,118,139,139,114,114,232,232,165,165,140,140,0,0,151,157,246,258
"301","QAc-W-0024","Porter",200,208,171,181,206,208,161,163,140,148,225,237,118,118,139,139,118,118,232,232,165,165,137,137,206,214,151,157,246,260
"302","QAc-W-0025","Porter",200,212,171,187,206,208,161,161,140,148,233,233,118,118,137,139,116,116,232,232,165,165,134,137,184,216,157,157,246,260
"303","QAc-W-0026","Porter",212,218,175,181,206,206,161,161,140,166,233,233,118,118,137,139,112,116,232,232,165,165,137,140,206,210,151,154,254,260
"304","QAc-W-0027","Porter",200,212,187,189,206,206,161,161,144,148,235,235,118,118,139,139,114,114,232,238,165,165,137,140,192,216,157,157,256,256
"305","QAc-W-0028","Porter",208,208,187,189,206,206,161,161,140,144,237,245,118,118,139,139,114,116,232,232,161,165,134,140,192,210,151,157,254,260
"306","QAc-W-0029","Porter",200,200,171,175,206,206,161,163,150,158,233,237,118,118,139,139,116,116,232,232,165,165,140,140,202,216,157,157,258,260
"309","QAc-W-0032","Porter",202,218,171,173,206,208,161,167,140,152,233,235,118,124,139,139,114,116,232,232,165,165,140,140,190,208,151,157,246,258
"310","QAc-W-0033","Porter",202,224,173,175,206,208,161,167,150,152,235,245,118,118,137,139,114,116,232,232,165,165,137,140,190,202,139,145,256,258
"312","QAc-W-0035","Porter",212,218,173,187,206,206,161,167,144,152,235,239,118,118,139,139,116,116,232,232,165,167,137,140,206,216,151,157,246,248
"314","QAc-W-0037","Porter",212,212,173,175,206,206,161,167,144,148,233,237,118,118,139,139,114,120,232,232,165,165,137,140,192,210,151,157,248,256
"315","QAc-W-0038","Porter",208,224,171,171,206,206,163,167,140,146,235,237,118,118,139,139,114,116,232,232,165,165,137,137,192,214,157,157,246,254
"317","QAc-W-0040","Porter",216,222,171,173,206,208,157,161,138,148,233,235,118,118,139,139,114,114,232,232,165,165,137,140,206,214,151,157,256,260
"318","QAc-W-0041","Porter",200,212,171,181,206,206,161,161,144,150,233,235,118,118,137,139,116,118,232,238,165,165,137,140,210,210,139,151,252,258
"319","QAc-W-0042","Magazine",200,214,181,181,206,206,161,167,158,166,227,237,118,118,137,139,122,130,232,232,165,165,137,137,202,202,139,151,256,258
"321","QAc-W-0044","Magazine",200,200,171,179,206,206,161,161,144,158,235,245,118,118,139,139,122,122,232,232,165,165,137,137,192,202,139,151,248,258
"322","QAc-W-0045","Magazine",214,232,173,181,206,206,161,161,146,166,227,237,118,118,137,139,126,126,238,238,161,165,134,137,202,206,151,157,256,258
"325","QAc-W-0048","Magazine",210,232,171,173,206,208,161,167,160,166,227,241,118,118,139,139,114,130,232,238,165,165,134,137,200,202,139,151,246,248
"327","QAc-W-0050","Magazine",214,214,173,175,206,206,161,163,142,144,227,231,116,116,139,139,116,124,232,232,161,165,137,137,200,202,154,157,248,262
"328","QAc-W-0051","Magazine",214,214,173,175,206,206,161,165,150,150,233,235,118,118,137,139,122,126,232,232,165,167,137,137,194,202,157,163,256,258
"329","QAc-W-0052","Magazine",200,202,173,179,206,206,167,167,166,166,227,233,118,124,139,139,120,122,232,232,165,165,137,137,202,206,151,157,254,258
"330","QAc-W-0053","Magazine",210,214,171,173,206,206,163,169,144,144,227,233,118,118,137,139,116,122,232,238,165,165,137,137,200,202,151,160,248,258
"331","QAc-W-0054","Magazine",212,214,173,187,206,206,161,167,154,154,239,241,118,118,139,139,116,126,232,232,165,167,134,137,202,202,151,151,250,258
"333","QAc-W-0056","Magazine",200,212,171,187,206,208,161,167,138,150,235,235,118,118,139,139,124,126,232,232,165,167,137,140,192,194,142,154,258,262
"334","QAc-W-0057","Magazine",210,214,171,177,206,206,163,167,150,150,235,237,118,118,139,139,122,124,232,232,165,167,134,137,194,206,139,157,246,262
"337","QAc-W-0060","Magazine",224,224,177,177,206,206,161,165,138,144,239,239,118,118,139,139,120,122,232,232,165,165,134,137,194,214,151,157,248,256
"338","QAc-W-0061","Magazine",210,224,175,177,206,206,161,161,144,154,235,237,118,118,139,139,114,114,232,232,165,165,134,134,194,214,151,154,254,256
"339","QAc-W-0062","Magazine",224,226,179,179,206,206,161,165,138,138,235,237,118,118,139,139,112,122,232,232,165,165,134,137,194,194,139,151,254,256
"340","QAc-W-0063","Magazine",214,216,173,179,204,206,161,165,138,148,233,237,118,118,139,139,116,116,232,232,165,165,134,137,194,214,151,151,254,254
"341","QAc-W-0064","Magazine",226,228,173,179,206,208,161,165,138,146,235,235,118,118,139,139,112,116,232,232,165,167,134,134,194,214,151,157,242,248
"342","QAc-W-0065","Magazine",224,228,179,187,206,206,161,165,144,146,235,237,118,118,139,139,112,124,232,232,165,167,137,137,194,206,151,157,242,248
"343","QAc-W-0066","Magazine",200,212,181,181,206,206,161,161,146,146,225,239,118,118,139,139,116,122,232,232,165,165,134,137,210,214,139,151,250,250
"349","QAc-W-0072","Magazine",214,218,179,185,206,208,161,161,154,154,235,237,118,118,139,139,112,116,232,232,165,167,134,137,194,194,139,157,254,256
"350","QAc-W-0073","Magazine",214,224,171,179,206,206,163,165,144,144,235,239,118,118,139,139,112,122,232,232,165,165,134,137,194,204,151,151,252,254
"354","QAc-W-0077","Magazine",200,214,179,181,206,206,161,161,144,146,233,239,118,118,139,139,112,124,232,232,165,165,134,137,194,214,151,154,248,254
"355","QAc-W-0078","Pryor",202,218,175,181,204,206,161,161,146,148,225,229,118,118,139,139,116,116,232,232,165,165,137,140,192,210,145,157,244,246
"356","QAc-W-0079","Pryor",210,212,175,185,206,206,161,165,148,148,225,229,118,118,139,139,116,116,232,232,165,165,134,140,200,206,0,0,262,262
"358","QAc-W-0081","Pryor",202,216,175,181,206,206,165,165,138,158,233,235,118,118,137,139,116,118,232,232,165,165,134,134,206,210,151,151,252,256
"359","QAc-W-0082","Pryor",212,218,171,181,206,206,173,173,150,162,235,235,116,116,137,137,116,126,232,232,165,167,134,137,194,206,139,157,242,246
"360","QAc-W-0083","Pryor",202,218,181,181,206,206,161,165,138,138,229,235,118,118,139,139,116,118,232,232,165,165,137,140,194,210,151,157,242,262
"364","QAc-W-0087","Pryor",212,216,181,181,206,206,165,173,148,148,229,235,118,118,137,139,114,118,232,232,165,165,137,137,200,210,145,151,246,262
"365","QAc-W-0088","Pryor",212,212,181,183,206,206,165,169,138,146,229,235,118,118,139,139,118,118,232,232,165,167,140,140,206,206,151,157,246,256
"369","QAc-W-0092","Pryor",212,216,181,181,206,206,161,165,140,166,235,241,118,118,139,139,116,118,232,232,165,165,137,140,192,210,139,151,246,252
"370","QAc-W-0093","Pryor",208,210,171,185,206,206,165,167,138,162,235,237,118,118,137,139,116,116,232,232,165,165,134,140,206,210,157,163,242,262
"371","QAc-W-0094","Pryor",208,226,191,191,206,206,165,167,138,148,233,233,118,118,139,139,116,118,232,232,165,165,137,137,194,206,151,157,242,258
"374","QAc-W-0097","Pryor",200,212,171,171,206,206,165,173,144,156,233,235,118,118,139,139,114,118,232,232,165,165,134,137,206,210,151,163,246,262
"376","QAc-W-0099","Pryor",212,216,175,181,206,206,173,177,148,158,235,241,118,118,139,139,116,116,232,232,165,165,137,137,184,202,145,157,248,252
"382","QAc-W-0107","Pryor",200,202,171,175,206,206,165,165,146,160,229,235,118,118,139,139,112,118,232,232,165,167,134,137,206,210,151,151,242,242
"388","QAc-W-0113","Sugar_Loaf",200,218,179,185,0,0,0,0,138,144,237,237,118,118,139,143,116,124,232,238,165,165,137,140,184,206,145,151,256,258
"390","QAc-W-0115","Sugar_Loaf",212,222,173,179,206,206,161,163,138,138,235,235,118,118,139,141,114,114,232,232,165,165,137,140,206,212,145,157,242,254
"391","QAc-W-0116","Sugar_Loaf",200,222,171,185,206,206,163,167,138,154,235,237,118,118,137,143,112,118,232,232,165,165,137,137,192,200,151,157,248,258
"392","QAc-W-0117","Sugar_Loaf",218,222,173,183,206,206,163,163,140,140,235,237,118,118,137,139,114,114,232,238,165,165,134,137,190,212,154,157,242,258
"393","QAc-W-0118","Sugar_Loaf",200,218,179,185,206,206,161,163,148,154,235,243,118,118,139,139,118,124,232,232,165,165,134,137,206,212,145,151,242,254
"394","QAc-W-0119","Sugar_Loaf",210,218,173,185,206,206,163,167,138,154,225,237,118,118,137,139,114,124,232,232,165,165,137,137,192,212,151,154,244,258
"395","QAc-W-0120","Sugar_Loaf",218,222,173,177,206,206,163,167,138,140,237,245,118,118,139,139,116,116,232,238,165,165,137,140,184,200,145,154,250,252
"396","QAc-W-0121","Sugar_Loaf",200,200,173,185,206,206,161,163,140,142,245,245,118,118,137,137,112,116,232,232,165,165,134,137,190,212,151,151,248,250
"397","QAc-W-0122","Sugar_Loaf",200,210,179,185,206,206,161,163,152,152,235,245,118,118,139,139,112,114,232,232,165,165,137,137,192,200,142,145,242,242
"398","QAc-W-0123","Sugar_Loaf",210,216,185,185,206,206,163,163,144,146,235,235,118,118,139,139,114,120,232,232,165,165,137,137,196,212,145,157,0,0
"399","QAc-W-0124","Sugar_Loaf",212,212,177,179,206,206,161,161,138,140,233,235,118,118,139,139,112,112,232,232,165,165,137,137,184,210,145,151,242,252
"400","QAc-W-0125","Sugar_Loaf",210,216,171,185,206,206,161,167,148,154,231,235,118,118,139,139,114,118,232,232,165,165,137,137,212,212,151,154,242,256
"402","QAc-W-0127","Sugar_Loaf",200,222,173,179,206,206,0,0,140,152,241,241,118,118,139,139,112,116,232,238,165,167,137,137,190,208,145,151,248,248
"407","QAc-W-0132","Sugar_Loaf",200,218,173,179,206,206,161,161,140,154,235,239,118,118,139,139,116,118,232,232,165,165,134,137,206,206,145,157,0,0
"409","QAc-W-0134","Sugar_Loaf",210,216,183,185,206,206,161,167,138,144,235,245,118,118,139,139,112,116,232,232,165,165,137,137,206,212,151,154,248,248
"410","QAc-W-0135","Sugar_Loaf",212,222,179,189,206,206,161,161,144,152,237,237,118,118,139,139,116,116,232,232,165,165,134,137,184,212,151,151,242,248
"411","QAc-W-0136","Sugar_Loaf",216,216,173,179,206,206,159,161,138,140,231,235,118,118,137,139,112,118,232,232,165,165,137,137,208,212,157,157,248,248
"413","QAc-W-0138","Sugar_Loaf",216,222,173,179,206,206,163,163,140,154,231,235,118,118,139,139,116,116,232,232,165,165,137,137,208,212,154,157,248,258
"415","QAc-W-0140","Sugar_Loaf",200,222,173,183,206,206,161,161,138,144,235,245,118,118,137,139,112,114,232,238,165,165,137,137,190,212,151,157,246,246
"416","QAc-W-0141","Sugar_Loaf",200,210,173,183,206,206,161,161,144,148,235,237,118,118,139,139,116,116,232,232,165,165,137,137,190,198,157,157,0,0
"417","QAc-W-0142","Sugar_Loaf",210,222,173,179,206,206,161,163,144,154,243,245,118,118,137,139,116,116,232,232,165,167,137,137,212,212,151,151,242,256
"418","QAc-W-0143","Sugar_Loaf",206,218,177,185,206,206,161,167,154,158,235,235,118,118,137,137,116,116,232,232,165,165,137,137,184,206,151,151,248,256
"420","QAc-W-0145","Sugar_Loaf",210,222,179,185,206,206,161,163,140,144,235,237,118,118,139,139,114,118,232,232,163,163,137,137,184,212,142,145,248,254
"423","QAc-W-0148","Sugar_Loaf",210,222,177,179,206,206,161,161,140,154,235,237,118,118,139,139,114,116,232,232,165,165,137,137,206,212,157,157,248,258
"424","QAc-W-0149","Sugar_Loaf",200,210,179,183,206,206,161,163,152,158,235,235,118,118,139,139,112,118,232,232,165,165,137,137,202,204,145,151,258,258
"425","QAc-W-0150","Sugar_Loaf",210,212,171,185,206,206,167,167,152,154,235,237,118,118,139,139,112,116,232,232,165,165,137,137,184,210,151,151,258,258
"426","QAc-W-0151","Sugar_Loaf",212,212,171,179,206,206,159,161,140,154,235,237,118,118,137,139,112,114,232,232,165,165,125,137,206,212,151,157,242,258
"427","QAc-W-0152","Sugar_Loaf",200,214,179,179,206,206,161,161,138,144,235,235,118,118,139,139,114,118,232,232,165,165,125,137,184,212,145,151,248,248
"428","QAc-W-0153","Sugar_Loaf",210,212,173,183,212,212,165,165,140,144,235,239,118,118,139,139,112,114,232,232,165,165,134,146,190,192,151,157,242,246
"429","QAc-W-0154","Sugar_Loaf",206,222,187,189,206,206,159,161,138,140,235,235,118,118,135,139,114,116,232,232,165,165,137,137,190,212,151,151,244,252
"431","QAc-W-0156","Sugar_Loaf",200,210,175,185,206,206,161,163,138,140,235,235,118,118,139,143,114,118,232,232,165,165,140,140,206,206,151,157,258,258
"432","QAc-W-0157","Sugar_Loaf",216,220,173,179,206,206,167,167,144,144,235,235,118,118,137,143,116,120,232,238,165,165,134,137,212,212,151,154,254,256
"433","QAc-W-0158","Sugar_Loaf",200,218,173,179,206,206,161,163,138,148,235,235,118,118,139,139,116,118,232,232,165,165,137,140,210,212,151,157,248,258
"434","QAc-W-0159","Sugar_Loaf",200,222,175,183,206,206,161,167,140,154,243,245,118,118,137,139,114,114,232,232,165,165,137,137,190,212,145,151,248,256
"435","QAc-W-0160","Sugar_Loaf",210,216,177,185,206,206,161,161,140,144,235,245,118,118,135,141,114,116,232,232,165,165,137,140,206,208,151,157,244,256
"437","QAc-W-0162","Sugar_Loaf",218,222,177,185,206,206,161,163,138,138,235,241,118,118,137,139,112,122,232,232,165,165,137,137,190,194,157,157,242,258
"438","QAc-W-0163","Sugar_Loaf",210,214,171,173,206,206,161,161,138,142,237,243,118,118,139,143,118,124,232,232,165,165,137,137,190,212,151,151,248,258
"439","QAc-W-0164","Sugar_Loaf",200,218,179,179,206,206,161,161,138,154,235,241,118,118,139,139,112,116,232,238,165,167,137,137,196,206,151,157,248,256
