Sample Name,Pop,Garden_Wild,Zam05-1,Zam05-2,Zam17-1,Zam17-2,Zam34-1,Zam34-2,Zam39-1,Zam39-2,Zam55-1,Zam55-2,Zam60-1,Zam60-2,Zam62-1,Zam62-2,Zfg02-1,Zfg02-2,Zfg25-1,Zfg25-2,Zfg31-1,Zfg31-2,Zfg38-1,Zfg38-2
ZFB01,B,Wild,204,206,179,179,198,207,166,166,207,215,205,205,187,187,213,213,184,186,220,220,205,205
ZFB02,B,Wild,206,222,179,179,198,207,166,166,207,215,203,205,187,187,207,207,184,188,220,220,205,205
ZFB03,B,Wild,204,206,179,179,198,207,178,182,215,215,205,205,187,187,207,213,184,186,217,217,202,205
ZFB04,B,Wild,222,222,179,179,198,198,166,182,207,207,203,205,187,187,207,207,184,188,220,220,205,205
ZFB05,B,Wild,204,204,179,179,198,207,166,182,215,215,205,205,187,187,207,215,188,188,217,220,205,205
ZFB06,B,Wild,204,222,179,179,198,207,166,182,215,215,205,205,187,187,213,215,188,188,217,220,205,205
ZFB07,B,Wild,204,204,179,179,198,207,182,182,207,215,0,0,187,199,213,213,184,186,217,217,205,205
ZFB08,B,Wild,204,206,179,179,198,207,166,166,215,215,205,205,187,187,213,213,184,184,217,217,205,211
ZFB09,B,Wild,204,206,179,179,198,207,166,182,215,225,205,205,187,187,213,213,184,186,217,220,205,205
ZFB10,B,Wild,206,206,179,179,198,207,182,182,207,207,205,205,187,187,207,213,184,186,217,220,205,211
ZFB11,B,Wild,204,206,179,179,198,198,166,184,207,225,205,205,187,189,207,213,186,186,220,220,205,205
ZFB12,B,Wild,204,204,179,179,198,198,166,182,215,225,205,205,187,187,209,213,186,186,220,220,202,205
ZFB13,B,Wild,204,222,179,179,198,207,166,182,215,225,203,205,187,189,207,213,184,186,217,217,205,211
ZFB14,B,Wild,204,206,179,179,198,198,182,182,215,225,203,205,187,189,207,213,186,186,217,220,205,205
ZFB15,B,Wild,204,204,179,179,198,207,166,182,207,225,205,205,187,187,207,213,184,184,220,220,205,205
ZFB16,B,Wild,204,204,179,179,198,207,182,182,207,225,205,205,187,187,207,213,184,184,217,220,205,211
ZFB17,B,Wild,204,204,173,179,198,198,182,182,207,225,205,205,187,187,207,213,184,188,217,220,205,205
ZFB18,B,Wild,206,206,179,179,198,207,182,182,215,225,205,205,187,187,213,213,186,186,217,220,205,205
ZFB19,B,Wild,204,222,179,179,198,207,166,178,207,225,203,205,189,199,207,213,184,186,217,217,205,211
ZFB20,B,Wild,204,204,179,179,198,207,182,182,207,225,205,205,187,187,213,213,184,188,220,220,205,211
ZFB21,B,Wild,204,204,179,179,207,207,182,182,215,215,205,205,187,187,213,213,184,186,217,220,205,205
ZFB22,B,Wild,204,204,173,179,198,207,182,182,207,217,205,205,187,187,213,213,184,186,220,220,205,205
ZFB23,B,Wild,204,206,179,179,198,207,182,184,207,225,205,205,187,187,207,213,186,186,217,220,202,205
ZFB24,B,Wild,204,204,179,179,198,198,166,184,207,225,205,205,187,187,207,213,186,186,220,220,205,205
ZFB25,B,Wild,204,206,179,179,198,207,182,182,207,207,205,205,187,189,213,213,186,186,217,217,205,205
ZFB26,B,Wild,204,204,179,179,198,207,182,184,207,207,205,205,187,187,207,213,186,186,217,217,205,205
ZFB27,B,Wild,204,206,179,179,207,207,166,184,207,207,205,205,187,189,213,213,184,186,220,220,205,205
ZFB28,B,Wild,204,206,179,179,198,207,182,184,215,215,205,205,189,189,209,213,186,188,217,220,202,205
ZFB29,B,Wild,204,206,179,179,198,198,182,184,215,225,205,205,187,187,207,207,186,186,220,220,205,205
ZFB30,B,Wild,204,204,179,179,207,207,166,184,207,215,205,205,187,199,213,215,184,186,217,220,205,205
ZFB31,B,Wild,204,206,179,179,198,207,182,182,207,225,203,203,189,189,213,213,186,186,217,220,205,205
ZFB32,B,Wild,204,206,179,179,198,198,166,184,215,215,205,205,187,189,209,213,186,188,217,217,202,205
ZFB33,B,Wild,204,222,179,179,198,207,166,182,207,215,205,205,187,187,207,213,184,186,220,220,205,205
ZFB34,B,Wild,206,222,179,179,198,198,166,182,215,215,203,205,187,187,213,213,184,186,217,220,205,205
ZFB35,B,Wild,204,204,179,179,198,198,166,182,207,215,203,205,187,187,207,213,184,186,217,220,205,205
ZFBP101,BP1,Wild,204,204,173,173,198,216,166,178,207,215,203,203,189,195,207,211,186,186,217,217,211,211
ZFBP102,BP1,Wild,204,204,173,179,198,198,166,178,207,207,203,203,189,191,207,211,176,186,217,217,211,211
ZFBP103,BP1,Wild,204,206,173,179,198,216,178,178,207,207,203,203,195,195,207,211,186,190,217,217,211,211
ZFBP104,BP1,Wild,204,204,173,179,195,198,178,178,207,207,203,203,189,195,211,213,184,186,217,217,211,211
ZFBP105,BP1,Wild,204,204,179,179,195,198,166,178,207,215,203,203,189,189,209,211,186,186,217,217,211,211
ZFBP106,BP1,Wild,204,204,179,179,198,198,166,178,207,207,203,203,195,195,211,211,186,186,217,217,211,211
ZFBP107,BP1,Wild,204,204,179,179,195,198,178,184,207,215,203,203,189,195,209,213,186,186,217,217,211,211
ZFBP108,BP1,Wild,204,204,179,179,195,198,178,178,207,207,203,203,183,191,205,211,186,186,217,217,211,211
ZFBP109,BP1,Wild,216,218,173,179,198,213,178,178,207,211,203,203,189,195,211,213,186,186,217,217,211,211
ZFBP110,BP1,Wild,204,206,173,179,198,198,178,178,215,215,203,203,189,193,207,211,186,186,217,217,202,202
ZFBP111,BP1,Wild,204,204,173,173,198,198,166,178,207,207,203,203,191,195,211,215,186,186,217,217,211,211
ZFBP112,BP1,Wild,204,204,173,179,198,216,166,178,205,207,203,203,189,191,205,209,186,188,217,217,211,211
ZFBP113,BP1,Wild,204,204,173,179,198,198,178,178,207,207,203,203,183,189,205,209,186,186,217,217,211,211
ZFBP114,BP1,Wild,204,218,179,179,198,198,178,184,207,207,203,203,191,191,211,211,176,186,217,217,211,211
ZFBP115,BP1,Wild,204,204,173,182,198,216,178,178,207,215,203,203,195,195,209,211,186,186,217,217,211,211
ZFBP116,BP1,Wild,204,204,173,179,198,198,178,178,207,207,203,203,183,195,209,211,186,186,217,217,211,211
ZFBP117,BP1,Wild,206,206,173,179,195,198,178,178,207,215,203,203,183,191,211,211,186,186,217,217,211,211
ZFBP118,BP1,Wild,204,204,173,179,198,198,180,184,207,207,203,203,183,191,211,213,176,186,217,217,211,211
ZFBP119,BP1,Wild,204,206,173,182,198,198,166,178,215,215,203,203,195,195,211,211,186,186,217,217,211,211
ZFBP120,BP1,Wild,204,204,179,179,195,198,166,178,207,215,203,203,189,191,209,213,186,186,217,217,211,211
ZFBP121,BP1,Wild,204,206,179,179,198,198,166,178,207,215,203,203,189,191,211,211,186,186,217,217,211,211
ZFBP122,BP1,Wild,204,204,173,179,198,198,166,178,207,207,203,203,193,195,0,0,186,186,217,217,211,211
ZFBP123,BP1,Wild,204,204,173,179,198,198,166,178,207,207,203,203,191,195,205,211,188,188,217,217,211,211
ZFBP124,BP1,Wild,204,218,179,179,198,198,166,178,207,207,203,203,189,193,211,213,186,188,217,217,211,211
ZFBP125,BP1,Wild,204,206,173,179,195,198,178,180,207,207,203,203,195,195,211,211,186,186,217,217,211,211
ZFBP126,BP1,Wild,206,206,173,179,198,198,178,178,207,207,203,203,193,195,207,209,186,186,217,217,211,211
ZFBP127,BP1,Wild,204,204,179,179,198,213,178,178,207,207,203,203,193,195,211,211,186,190,217,217,211,211
ZFBP128,BP1,Wild,204,206,173,179,198,216,166,180,207,207,203,203,189,195,205,213,186,186,217,217,211,211
ZFBP129,BP1,Wild,206,208,179,179,198,198,166,180,207,215,203,203,191,195,205,211,186,186,217,217,211,211
ZFBP130,BP1,Wild,204,206,173,173,198,216,180,180,207,207,203,203,195,195,209,211,186,186,217,217,211,211
ZFBP131,BP1,Wild,204,206,179,179,198,198,166,180,207,207,203,203,191,193,205,209,186,186,217,217,211,211
ZFBP132,BP1,Wild,204,206,179,179,198,198,178,180,207,207,203,203,191,193,211,211,186,186,217,217,202,211
ZFBP133,BP1,Wild,206,206,173,173,198,198,166,166,207,207,203,203,191,195,205,205,186,186,217,217,211,211
ZFBP134,BP1,Wild,204,206,173,173,198,198,166,166,207,207,203,203,189,191,209,213,190,190,217,217,211,211
ZFBP135,BP1,Wild,206,206,179,179,198,216,166,178,207,215,203,203,189,195,207,211,186,186,217,217,211,211
ZFBP136,BP1,Wild,204,204,173,179,198,216,166,178,207,207,203,203,189,195,211,211,188,188,217,217,211,211
ZFBP201,BP2,Wild,204,206,179,179,198,198,166,178,207,207,203,203,191,193,205,209,186,188,217,217,202,211
ZFBP202,BP2,Wild,204,204,173,179,195,198,166,178,207,215,203,203,189,193,205,213,186,186,217,217,211,211
ZFBP203,BP2,Wild,204,204,173,179,198,207,166,178,207,207,203,203,193,195,205,209,186,188,217,217,211,211
ZFBP204,BP2,Wild,204,204,173,179,195,198,166,178,207,215,203,203,189,195,211,211,186,188,217,217,211,211
ZFBP205,BP2,Wild,204,206,173,182,198,198,166,178,207,207,203,203,191,193,205,211,188,188,217,217,211,211
ZFBP206,BP2,Wild,204,204,173,179,198,198,166,166,207,207,203,203,193,195,205,205,188,188,217,217,211,211
ZFBP207,BP2,Wild,206,218,182,182,195,198,166,178,207,215,203,203,191,195,211,211,186,188,217,217,202,202
ZFBP208,BP2,Wild,204,204,173,179,198,198,166,178,207,207,203,203,191,193,205,209,188,188,217,217,211,211
ZFBP209,BP2,Wild,206,206,173,173,198,213,166,166,207,207,203,203,193,195,205,211,186,186,217,217,211,211
ZFBP210,BP2,Wild,204,204,173,179,198,198,166,166,207,207,203,203,193,193,205,209,186,188,217,217,202,211
ZFBP211,BP2,Wild,204,204,179,179,198,198,166,180,207,215,203,203,191,191,211,213,186,186,217,217,211,211
ZFBP212,BP2,Wild,204,204,179,179,195,198,166,178,207,207,203,203,191,193,213,213,186,186,217,217,202,211
ZFBP213,BP2,Wild,204,204,179,179,198,198,166,166,207,215,203,203,191,195,205,205,186,188,217,217,211,211
ZFBP214,BP2,Wild,204,206,173,173,198,198,166,166,215,215,203,203,193,195,205,205,186,188,217,217,202,211
ZFBP215,BP2,Wild,204,206,179,179,198,198,166,178,207,207,203,203,193,195,205,211,186,186,217,217,211,211
ZFBP216,BP2,Wild,204,204,173,179,198,198,166,178,207,215,203,203,189,193,209,209,186,186,217,217,211,211
ZFBP217,BP2,Wild,204,206,173,173,198,198,166,166,207,215,203,203,191,193,205,215,186,186,217,217,202,211
ZFBP218,BP2,Wild,204,218,173,173,195,198,166,178,207,207,203,203,191,191,205,209,186,186,217,217,211,211
ZFBP219,BP2,Wild,204,204,173,179,198,198,178,178,207,207,203,203,183,191,205,209,186,186,217,217,211,211
ZFBP220,BP2,Wild,204,206,173,179,198,216,166,178,207,207,203,203,191,195,209,211,186,186,217,217,211,211
ZFBP221,BP2,Wild,204,218,173,173,195,198,166,178,207,207,203,203,189,191,209,213,186,186,217,217,202,211
ZFBP222,BP2,Wild,206,206,179,179,198,198,166,166,207,207,203,203,191,191,205,209,186,188,217,217,211,211
ZFBP223,BP2,Wild,204,206,179,179,195,198,166,178,207,215,203,203,191,193,211,213,186,188,217,217,202,202
ZFBP224,BP2,Wild,204,204,173,179,198,198,178,178,207,215,203,203,191,191,205,205,186,188,217,217,211,211
ZFBP225,BP2,Wild,204,206,173,179,195,216,166,178,207,207,203,203,191,195,209,215,186,188,217,217,211,211
ZFBP226,BP2,Wild,204,204,179,179,198,198,166,178,207,207,203,203,191,191,209,211,186,186,217,217,211,211
ZFBP227,BP2,Wild,204,204,173,179,198,198,178,178,207,215,203,203,191,195,209,211,184,186,217,217,211,211
ZFBP228,BP2,Wild,204,206,179,179,195,198,166,178,207,215,203,203,191,191,211,213,186,190,217,217,211,211
ZFBP229,BP2,Wild,206,206,173,179,195,198,166,178,207,207,203,203,193,195,209,211,186,186,217,217,211,211
ZFBP230,BP2,Wild,204,206,173,173,198,216,166,178,207,215,203,203,189,191,209,211,186,186,217,217,211,211
ZFBP231,BP2,Wild,204,204,179,182,198,198,178,180,205,215,203,203,189,191,211,213,186,188,217,217,211,211
ZFBP232,BP2,Wild,204,204,173,179,198,198,166,180,207,207,203,203,189,191,211,211,186,186,217,217,211,211
ZFBP233,BP2,Wild,204,204,173,173,198,213,166,178,205,215,203,203,189,191,213,213,186,188,217,217,211,211
ZFCC01,CC,Wild,204,206,173,179,198,216,166,166,215,215,203,203,187,187,205,211,188,190,217,223,205,205
ZFCC03,CC,Wild,206,206,179,179,216,216,166,166,215,215,203,203,195,195,205,211,188,190,217,217,205,205
ZFCC04,CC,Wild,204,206,173,173,216,216,166,182,215,215,203,203,187,195,205,211,188,190,217,217,205,205
ZFCC05,CC,Wild,204,204,173,179,198,216,166,182,215,215,203,203,195,195,205,211,188,190,217,217,205,205
ZFCC08,CC,Wild,206,218,173,173,198,216,166,166,215,215,203,203,195,195,205,211,188,190,217,217,205,211
ZFCC09,CC,Wild,206,218,179,179,216,216,166,166,215,215,203,203,187,195,211,211,188,190,217,217,205,205
ZFCC10,CC,Wild,206,218,179,179,198,216,166,166,215,215,203,203,187,195,205,211,188,188,217,223,205,205
ZFCC11,CC,Wild,204,206,179,179,198,216,166,166,215,215,203,203,195,195,205,211,188,190,217,223,205,205
ZFCC12,CC,Wild,204,206,173,179,198,216,166,178,215,217,203,203,187,195,207,211,188,188,217,217,205,205
ZFCC13,CC,Wild,204,206,173,179,198,216,166,166,207,215,203,203,195,195,209,211,188,190,217,217,205,205
ZFCC14,CC,Wild,206,206,173,179,198,216,182,184,215,215,203,203,187,195,205,211,186,188,217,217,205,205
ZFCC15,CC,Wild,206,206,173,179,198,216,166,166,215,215,203,203,187,195,209,211,188,190,217,217,205,205
ZFCC16,CC,Wild,206,206,173,179,198,216,166,166,215,215,203,203,187,195,207,211,188,188,217,217,205,205
ZFCC17,CC,Wild,204,206,173,179,216,216,166,184,215,215,203,203,187,187,207,211,188,190,217,217,205,205
ZFCC18,CC,Wild,204,206,173,179,216,216,166,166,215,215,203,203,187,195,205,211,188,190,217,217,205,205
ZFCC19,CC,Wild,206,224,173,173,198,216,166,184,215,215,203,203,187,195,207,209,188,190,217,223,205,205
ZFCC20,CC,Wild,204,206,173,173,198,216,166,166,215,215,203,203,195,195,207,207,190,190,217,217,205,205
ZFCC21,CC,Wild,206,224,173,173,198,198,166,166,207,215,203,203,195,195,205,209,188,188,217,217,205,211
ZFCC22,CC,Wild,204,218,173,173,198,198,166,166,207,207,203,203,195,195,205,211,188,190,217,217,205,211
ZFCC26,CC,Wild,206,206,173,179,198,216,166,166,215,215,203,203,187,195,207,211,188,190,217,217,205,205
ZFCC27,CC,Wild,206,206,179,179,198,216,166,166,215,215,203,203,195,195,211,211,188,190,217,223,205,205
ZFCC29,CC,Wild,204,224,173,173,198,198,166,166,215,215,203,203,187,195,207,211,188,190,217,217,205,205
ZFCC30,CC,Wild,204,206,173,179,216,216,166,166,215,215,203,203,195,195,211,211,188,190,217,223,205,205
ZFCC32,CC,Wild,204,218,173,173,216,216,166,166,215,215,203,203,187,195,207,209,188,190,217,217,205,205
ZFCC33,CC,Wild,204,206,179,179,198,216,182,182,215,215,203,203,195,195,211,211,188,188,217,217,205,205
ZFCC34,CC,Wild,204,204,179,179,198,216,166,166,207,215,203,203,187,187,211,211,186,190,217,217,205,211
ZFCC35,CC,Wild,206,218,173,173,198,216,166,184,215,215,203,203,195,195,211,211,188,190,217,223,205,205
ZFCC36,CC,Wild,204,206,173,173,198,216,166,166,207,215,203,203,187,195,209,211,188,188,217,217,205,205
ZFCC37,CC,Wild,204,206,173,179,198,198,166,178,215,217,203,203,187,195,211,211,188,188,217,217,205,205
ZFCC40,CC,Wild,206,206,179,179,198,216,166,184,207,215,203,203,187,195,205,211,188,188,217,223,205,205
ZFCC42,CC,Wild,204,204,173,179,207,216,182,184,215,217,203,203,187,187,211,211,188,188,217,217,202,205
ZFCC44,CC,Wild,206,206,179,179,216,216,184,184,215,215,203,203,195,195,211,211,190,190,217,217,205,205
ZFCC45,CC,Wild,204,206,179,179,216,216,182,184,215,215,203,203,187,195,205,209,0,0,217,217,205,205
ZFCC46,CC,Wild,204,224,173,173,216,216,166,166,207,215,203,203,195,195,211,211,188,190,217,217,205,211
ZFCC47,CC,Wild,204,218,173,173,198,216,166,166,215,217,203,203,187,195,211,211,188,190,217,217,205,205
ZFCC48,CC,Wild,206,224,173,173,198,198,166,166,207,215,203,203,195,195,205,211,188,188,217,217,205,211
ZFCC50,CC,Wild,206,206,173,173,198,216,166,184,215,215,203,203,187,187,207,211,190,190,217,217,205,205
ZFCC51,CC,Wild,206,206,179,179,216,216,166,166,215,215,203,203,187,195,211,211,190,190,217,217,205,205
ZFCC52,CC,Wild,204,206,173,179,198,216,166,166,207,215,203,203,187,195,211,211,188,188,217,223,205,211
ZFCC53,CC,Wild,206,206,179,179,216,216,166,166,215,215,203,203,187,195,211,211,188,190,217,223,205,205
ZCF01,CF,Wild,204,222,179,179,207,207,184,184,215,215,203,203,187,195,209,213,184,188,217,217,202,208
ZCF02,CF,Wild,204,222,173,179,207,207,178,182,215,215,203,205,187,187,213,215,184,188,217,220,205,208
ZCF03,CF,Wild,204,204,179,179,207,207,178,178,207,215,203,203,187,195,209,209,184,188,217,220,205,208
ZCF04,CF,Wild,220,220,179,179,207,207,182,184,207,215,203,203,193,201,211,215,182,184,217,220,205,208
ZCF05,CF,Wild,222,222,173,179,207,207,178,182,215,215,203,203,187,199,207,209,184,184,217,217,205,205
ZCF06,CF,Wild,210,220,173,179,198,207,182,184,215,215,203,203,193,195,209,211,188,190,220,220,205,211
ZCF07,CF,Wild,204,222,179,179,198,207,178,182,215,215,203,203,199,199,209,215,184,184,217,217,202,208
ZCF08,CF,Wild,204,204,179,179,207,207,166,184,215,215,203,205,199,201,211,215,176,182,217,217,208,208
ZCF09,CF,Wild,204,204,173,173,207,207,184,184,189,215,203,203,183,195,207,211,186,190,217,220,202,211
ZCF10,CF,Wild,204,204,179,179,207,219,166,184,215,215,203,203,195,199,209,213,176,184,217,217,205,211
ZCF11,CF,Wild,204,204,179,179,198,207,178,178,215,215,203,203,199,199,209,209,184,186,217,217,205,208
ZCF12,CF,Wild,204,220,179,179,198,219,182,182,189,215,203,203,201,201,207,209,182,188,220,220,205,211
ZCF13,CF,Wild,204,220,179,179,207,219,166,166,189,215,203,203,187,193,209,215,182,184,217,220,205,208
ZCF14,CF,Wild,204,220,179,179,198,207,178,182,215,215,203,203,187,199,207,211,186,188,217,220,211,211
ZCF15,CF,Wild,204,220,173,173,198,207,178,182,215,215,203,203,195,199,209,209,184,188,217,220,205,205
ZCF16,CF,Wild,204,204,179,179,210,210,178,184,215,215,203,203,187,195,209,215,184,188,217,217,205,214
ZCF17,CF,Wild,204,220,179,179,198,219,178,182,215,215,203,203,187,195,209,209,182,184,217,217,208,208
ZCF18,CF,Wild,204,204,173,179,198,207,166,184,189,215,203,203,187,193,209,217,182,184,217,220,205,205
ZCF19,CF,Wild,220,224,173,179,198,198,178,184,215,215,203,203,187,199,207,209,188,188,220,220,205,211
ZCF20,CF,Wild,204,220,179,179,198,207,178,178,215,215,203,203,187,199,209,213,186,188,217,217,208,208
ZCF21,CF,Wild,204,204,173,179,198,207,178,184,215,215,203,203,195,199,207,209,176,184,220,220,205,205
ZCF22,CF,Wild,202,220,173,179,198,198,178,184,215,217,203,203,187,199,211,213,182,184,217,217,202,208
ZCF23,CF,Wild,204,204,179,179,207,207,178,184,189,215,203,203,187,199,213,215,184,184,217,217,208,208
ZCF24,CF,Wild,204,204,173,179,207,207,178,184,189,215,203,203,195,201,207,215,182,190,217,217,208,211
ZCF25,CF,Wild,204,222,176,179,207,207,178,182,215,215,203,203,193,195,211,211,182,184,217,220,208,211
ZCF26,CF,Wild,204,210,173,176,207,207,178,178,215,215,203,203,187,193,207,207,182,190,217,217,205,214
ZCF27,CF,Wild,204,220,179,179,198,207,178,182,215,215,203,203,195,199,209,215,184,188,217,220,205,208
ZCF28,CF,Wild,204,222,179,179,207,210,166,184,215,215,203,203,187,187,209,211,184,184,217,217,208,208
ZCF29,CF,Wild,204,204,173,173,195,207,182,184,215,215,203,203,187,201,209,209,188,188,217,220,205,211
ZCF30,CF,Wild,220,220,179,179,207,210,166,178,215,215,203,203,195,199,209,211,182,184,217,220,205,208
ZCF31,CF,Wild,204,220,173,173,207,207,182,184,215,215,203,205,183,187,209,209,184,184,217,217,205,208
ZCF32,CF,Wild,204,204,179,179,198,210,178,184,217,217,203,203,187,193,209,211,184,188,217,220,205,208
ZCF33,CF,Wild,204,222,179,179,207,210,182,184,189,217,203,203,187,187,209,213,182,182,217,217,205,205
ZCF34,CF,Wild,204,204,179,179,207,207,166,178,215,215,203,203,193,193,207,209,176,188,217,217,211,211
ZCF35,CF,Wild,204,220,173,173,207,219,184,184,207,215,203,203,187,193,209,213,182,188,217,217,205,214
ZCF36,CF,Wild,204,220,179,179,207,207,178,182,215,215,203,203,183,187,213,213,184,188,217,217,205,205
ZCF37,CF,Wild,204,204,179,179,198,198,184,184,215,217,203,203,199,201,209,213,176,188,217,217,208,208
ZCF38,CF,Wild,204,222,173,173,198,207,166,184,215,215,203,203,193,199,209,211,182,184,217,217,205,208
ZCF39,CF,Wild,204,204,179,179,198,207,178,178,207,215,203,203,193,199,209,215,176,176,217,217,211,211
ZCF40,CF,Wild,204,204,179,179,198,210,178,178,215,215,203,203,193,195,209,211,184,188,217,217,205,208
ZCF41,CF,Wild,204,204,179,179,207,207,178,184,215,215,203,203,187,195,207,217,184,188,217,217,205,205
ZCF42,CF,Wild,204,206,173,179,207,207,182,184,215,215,203,203,195,201,209,209,184,190,217,220,208,211
ZFCNS01,CNS,Wild,204,204,179,179,195,216,178,178,215,215,203,203,195,195,209,209,190,190,217,217,202,202
ZFCNS02,CNS,Wild,204,204,179,179,195,195,166,166,215,215,203,203,195,195,211,211,190,190,217,217,202,202
ZFCNS05,CNS,Wild,204,204,179,179,198,216,166,166,215,215,203,203,195,195,211,213,186,190,217,217,202,202
ZFCNS06,CNS,Wild,204,204,179,179,216,216,166,166,215,215,203,203,195,195,211,213,186,190,217,217,202,202
ZFCNS07,CNS,Wild,204,204,179,179,195,195,166,166,215,215,203,203,195,195,211,215,186,186,217,217,202,202
ZFCNS10,CNS,Wild,204,204,179,179,195,195,166,178,207,215,203,203,195,195,211,215,190,190,217,217,202,202
ZFCNS11,CNS,Wild,204,204,179,179,195,216,166,178,215,215,203,203,195,195,209,215,190,190,217,217,202,202
ZFCNS15,CNS,Wild,204,204,179,179,195,216,178,178,215,215,203,203,195,195,213,213,186,186,217,217,202,211
ZFCNS17,CNS,Wild,204,204,179,179,216,216,166,178,215,215,203,203,195,195,211,211,186,190,217,217,202,202
ZFCNS18,CNS,Wild,204,204,179,179,195,216,166,178,207,215,203,203,195,195,211,213,190,190,217,217,202,202
ZFCNS19,CNS,Wild,204,204,179,179,216,216,166,166,215,215,203,203,195,195,213,215,190,190,217,217,202,202
ZFCNS20,CNS,Wild,204,204,179,179,216,216,166,178,215,215,203,203,195,195,211,215,186,186,217,217,202,211
ZFCNS21,CNS,Wild,204,204,179,179,216,216,178,178,215,215,203,203,195,195,211,213,190,190,217,217,202,202
ZFCNS22,CNS,Wild,204,204,179,179,198,216,166,178,215,215,203,203,195,195,211,213,186,186,217,217,202,202
ZFCNS23,CNS,Wild,204,204,179,179,195,216,166,166,215,215,203,203,195,195,213,215,188,190,217,217,202,202
ZFCNS24,CNS,Wild,204,204,179,179,216,216,166,178,215,215,203,203,195,195,211,211,190,190,217,217,202,211
ZFCNS25,CNS,Wild,204,204,179,179,195,216,166,178,215,215,203,203,195,195,211,211,186,190,217,217,202,211
ZFCNS26,CNS,Wild,204,204,179,179,195,195,166,178,215,215,203,203,195,195,213,213,186,190,217,217,202,202
ZFCNS27,CNS,Wild,204,204,179,179,195,195,178,178,215,215,203,203,195,195,211,213,186,186,217,217,202,211
ZFCNS28,CNS,Wild,204,204,179,179,216,216,166,166,215,215,203,203,195,195,213,213,186,190,217,217,202,202
ZFCNS29,CNS,Wild,204,204,179,179,198,216,166,178,215,215,203,203,195,195,211,211,186,190,217,217,202,202
ZFCNS30,CNS,Wild,204,204,179,179,198,216,166,178,215,215,203,203,195,195,211,213,190,190,217,217,202,202
ZFCNS31,CNS,Wild,204,204,179,179,195,216,166,178,215,215,203,203,195,195,213,215,186,190,217,217,202,202
ZFCNS32,CNS,Wild,204,204,179,179,195,216,166,166,215,215,203,203,195,195,213,213,190,190,217,217,202,211
ZFCNS33,CNS,Wild,204,204,179,179,195,195,166,166,215,215,203,203,195,195,213,215,190,190,217,217,202,202
ZFCNS34,CNS,Wild,204,204,179,179,198,216,166,166,215,215,203,203,195,195,211,211,190,190,217,217,202,202
ZFCNS35,CNS,Wild,204,204,179,179,195,216,166,166,215,215,203,203,189,195,213,215,190,190,217,217,202,202
ZFCNS36,CNS,Wild,204,204,179,179,216,216,166,166,215,215,203,203,195,195,211,211,190,190,217,217,202,211
ZFCNS37,CNS,Wild,204,204,179,179,198,216,178,178,215,215,203,203,195,195,211,213,176,190,217,217,202,202
ZFCNS39,CNS,Wild,204,204,173,179,195,216,166,178,215,215,203,203,195,195,211,215,190,190,217,217,202,202
ZFCNS40,CNS,Wild,204,204,173,179,216,216,166,166,215,215,203,203,195,195,211,211,176,190,217,217,202,211
ZFCNS41,CNS,Wild,204,204,179,179,198,216,166,178,215,215,203,203,189,195,209,211,176,190,217,217,202,211
ZFCNS42,CNS,Wild,204,204,179,179,195,216,178,178,215,215,203,203,195,195,211,213,186,190,217,217,202,202
ZFCNS43,CNS,Wild,204,204,179,179,216,216,166,178,215,215,203,203,195,195,211,213,190,190,217,217,202,202
ZFCNS44,CNS,Wild,204,204,179,179,216,216,178,178,207,215,203,203,195,195,211,213,190,190,217,217,202,202
ZFCNS45,CNS,Wild,204,204,179,179,195,216,166,178,215,215,203,203,195,195,211,215,190,190,217,217,202,202
ZFCNS46,CNS,Wild,204,204,179,179,198,216,178,178,215,215,203,203,195,195,211,215,186,190,217,217,202,202
ZFCNS47,CNS,Wild,204,204,179,179,195,216,166,178,215,215,203,203,195,195,211,213,190,190,217,217,202,202
ZFCNS48,CNS,Wild,204,204,179,179,195,198,166,178,207,215,203,203,195,195,211,215,190,190,217,217,202,202
ZFCNS49,CNS,Wild,204,204,179,179,195,195,178,178,207,215,203,203,195,195,213,213,186,190,217,217,202,202
ZFCR01,CR,Wild,206,206,173,179,207,207,178,186,215,217,203,203,193,199,205,207,184,186,217,220,205,205
ZFCR02,CR,Wild,222,222,179,179,198,207,166,186,225,225,203,205,191,195,211,211,188,188,217,220,205,205
ZFCR03,CR,Wild,222,224,173,179,198,198,166,184,215,225,203,203,187,187,205,209,186,188,217,220,211,211
ZFCR04,CR,Wild,224,224,173,179,195,207,166,178,207,215,203,203,187,199,207,213,184,188,217,220,205,205
ZFCR05,CR,Wild,206,206,173,179,198,207,178,182,225,225,203,203,187,199,209,211,184,184,217,220,205,205
ZFCR06,CR,Wild,206,206,179,179,195,210,166,178,215,215,203,203,191,195,207,207,184,186,217,220,202,205
ZFCR07,CR,Wild,204,224,179,179,198,198,178,178,215,215,203,203,195,195,207,209,184,188,217,220,202,211
ZFCR08,CR,Wild,204,206,179,179,198,198,178,178,189,207,203,203,187,199,207,211,188,188,217,220,205,205
ZFCR09,CR,Wild,204,206,173,179,198,207,166,184,215,217,203,203,187,189,209,211,184,186,217,220,202,211
ZFCR11,CR,Wild,206,206,179,182,198,207,178,178,215,225,203,203,187,195,207,209,184,184,217,220,202,205
ZFCR12,CR,Wild,206,224,173,179,195,210,178,186,215,227,203,203,195,195,211,213,184,188,217,220,202,211
ZFCR13,CR,Wild,222,224,173,179,198,198,178,180,215,215,203,203,195,199,209,213,186,188,217,217,208,208
ZFCR14,CR,Wild,206,220,173,179,198,207,166,178,225,225,203,205,195,199,211,213,184,188,217,220,205,211
ZFCR15,CR,Wild,220,224,173,179,198,207,166,182,207,225,203,203,199,199,211,213,184,188,217,217,205,211
ZFCR16,CR,Wild,220,230,173,173,198,198,166,178,215,225,203,205,193,199,207,207,186,186,217,220,205,205
ZFCR18,CR,Wild,204,222,179,179,198,198,182,186,215,225,205,205,187,189,211,211,184,184,217,220,205,211
ZFCR19,CR,Wild,206,220,170,173,198,207,166,182,225,225,203,203,187,195,211,213,186,186,217,220,205,211
ZFCR20,CR,Wild,204,206,179,179,198,198,178,182,215,217,203,205,187,199,205,209,186,188,217,217,211,211
ZFCR21,CR,Wild,206,220,173,173,210,210,166,182,215,225,203,203,189,195,209,217,184,188,217,217,205,211
ZFCR22,CR,Wild,222,222,173,173,210,210,166,182,225,225,203,205,187,195,209,209,186,188,217,217,211,211
ZFCR23,CR,Wild,204,204,173,179,210,210,178,178,207,225,203,203,187,189,209,209,186,186,220,220,208,211
ZFCR24,CR,Wild,204,222,173,179,198,198,166,180,207,207,203,203,187,187,205,213,0,0,217,217,208,211
ZFCR25,CR,Wild,222,222,173,173,198,210,178,178,215,225,203,203,187,187,207,217,184,184,217,217,205,211
ZFCR26,CR,Wild,206,206,170,173,198,207,166,178,215,225,203,203,187,199,209,211,184,184,217,217,211,211
ZFCR27,CR,Wild,206,220,179,179,198,207,166,178,215,217,203,203,0,0,207,217,184,184,220,220,208,208
ZFCR28,CR,Wild,220,220,173,179,207,210,166,178,215,215,203,203,191,195,205,211,186,188,217,220,202,211
ZFCR29,CR,Wild,206,206,173,179,198,207,166,182,225,225,203,203,187,189,209,217,184,184,217,220,211,211
ZFCR30,CR,Wild,204,224,173,179,198,207,166,178,215,225,203,203,195,195,217,217,184,184,220,220,211,211
ZFCR31,CR,Wild,204,204,173,179,198,207,166,178,215,225,203,203,187,187,207,211,186,186,217,220,202,211
ZFCR33,CR,Wild,204,206,173,179,198,198,178,178,215,217,203,203,199,201,211,215,184,188,217,217,205,205
ZFCR34,CR,Wild,206,224,173,173,198,207,166,178,207,215,203,203,187,195,207,209,184,186,217,220,202,208
ZFCR35,CR,Wild,206,224,179,179,207,207,166,186,207,225,203,203,189,195,207,207,184,184,217,220,205,205
ZFCR36,CR,Wild,204,206,179,179,198,207,166,178,225,225,203,205,187,195,209,217,186,188,217,220,202,205
ZFCR37,CR,Wild,204,206,173,179,198,198,166,182,215,215,203,203,187,195,209,209,184,188,217,220,205,208
ZFCR38,CR,Wild,204,220,173,179,198,198,166,178,215,217,203,203,195,199,209,211,184,188,217,220,205,205
ZFCR39,CR,Wild,204,206,173,179,198,207,168,182,207,215,203,203,187,191,209,211,188,188,217,220,205,205
ZFCR40,CR,Wild,206,222,173,179,198,207,178,178,207,215,203,203,187,195,209,217,184,188,217,220,205,205
ZFCR41,CR,Wild,206,206,173,173,198,198,178,186,215,225,203,203,187,195,211,217,176,184,217,217,202,205
ZFCR42,CR,Wild,204,206,173,179,198,207,166,178,215,215,203,203,195,195,209,217,186,188,217,220,205,211
ZFCR43,CR,Wild,206,206,179,179,198,207,180,186,215,215,203,205,195,199,213,217,184,186,220,220,211,211
ZFENP25,ENP,Wild,204,206,173,179,207,219,178,182,215,215,203,203,199,199,205,207,176,188,217,220,205,208
ZFENP26,ENP,Wild,204,222,173,179,207,219,178,182,215,215,203,203,199,201,199,207,176,184,217,220,205,205
ZFENP27,ENP,Wild,204,222,179,179,207,216,178,182,207,215,203,203,195,199,205,207,188,190,217,220,205,211
ZFENP28,ENP,Wild,204,222,179,179,207,207,166,178,215,215,203,203,195,199,209,211,184,184,217,220,205,205
ZFENP29,ENP,Wild,204,206,179,179,207,207,178,186,215,223,203,203,195,199,207,209,182,188,217,217,205,208
ZFENP30,ENP,Wild,204,220,179,179,198,207,166,182,215,215,203,203,195,201,207,211,188,188,217,217,205,208
ZFENP31,ENP,Wild,204,204,179,179,198,207,182,184,215,215,203,203,187,201,211,211,184,188,217,220,205,211
ZFENP32,ENP,Wild,204,204,179,179,198,207,166,182,215,215,203,203,189,201,207,211,184,188,217,220,202,211
ZFENP33,ENP,Wild,204,204,179,179,198,198,178,182,215,215,203,203,199,201,207,209,184,184,217,217,205,211
ZFENP34,ENP,Wild,204,204,179,179,198,198,178,182,215,215,203,203,187,199,207,211,184,184,217,220,205,205
ZFENP35,ENP,Wild,204,204,179,179,207,219,178,182,207,215,203,203,195,201,213,215,184,188,217,220,205,208
ZFENP36,ENP,Wild,204,204,179,179,207,207,178,182,215,215,203,203,199,199,207,209,184,188,217,220,202,208
ZFENP37,ENP,Wild,204,204,179,179,198,198,166,178,215,215,203,203,199,201,209,213,184,188,217,217,205,205
ZFENP38,ENP,Wild,204,204,179,179,198,207,166,178,215,215,203,203,195,195,209,209,184,188,217,217,205,208
ZFENP39,ENP,Wild,204,206,179,179,198,207,178,186,215,215,203,203,195,201,207,209,184,184,217,220,205,205
ZFENP40,ENP,Wild,204,204,179,179,198,198,178,186,215,215,203,203,199,201,207,209,186,188,217,220,205,205
ZFENP41,ENP,Wild,204,206,179,179,198,219,168,182,215,215,203,203,195,201,211,213,188,188,217,220,205,205
ZFENP42,ENP,Wild,204,220,173,173,198,207,178,184,215,215,203,203,195,201,207,209,184,188,220,220,208,217
ZFENP43,ENP,Wild,204,204,179,179,198,207,166,178,215,215,203,203,195,199,209,209,184,190,217,220,205,211
ZFENP44,ENP,Wild,204,204,179,179,198,198,178,178,215,215,203,203,195,201,209,209,188,188,217,220,205,205
ZFENP45,ENP,Wild,204,208,173,179,198,207,166,184,215,215,203,203,195,199,209,209,186,186,217,217,205,211
ZFENP46,ENP,Wild,204,204,179,179,198,207,178,178,215,215,203,203,199,201,209,213,184,184,217,220,211,211
ZFENP47,ENP,Wild,206,206,179,179,198,207,166,182,189,215,203,203,201,201,207,211,186,188,220,220,205,211
ZFENP48,ENP,Wild,204,204,179,179,198,207,166,182,215,215,203,203,187,199,205,211,184,188,217,217,205,211
ZFENP49,ENP,Wild,206,222,179,179,207,207,182,182,215,215,203,203,195,199,207,207,186,188,217,217,211,211
ZFENP50,ENP,Wild,204,204,173,179,198,207,178,178,215,215,203,203,187,191,209,209,186,188,220,220,208,208
ZFENP51,ENP,Wild,204,208,179,179,207,207,182,184,215,215,203,203,187,195,207,209,184,184,220,220,205,211
ZFENP52,ENP,Wild,204,222,173,179,207,207,178,184,215,215,203,203,199,199,209,209,184,190,217,217,211,214
ZFENP53,ENP,Wild,204,204,173,179,198,207,166,178,215,215,203,203,199,201,209,211,184,186,217,220,211,214
ZFENP54,ENP,Wild,206,220,179,179,198,207,178,178,215,215,203,205,187,191,209,211,188,188,217,217,205,211
ZFENP55,ENP,Wild,204,204,179,179,198,207,166,182,215,215,203,205,199,199,209,209,184,184,217,220,211,211
ZFENP56,ENP,Wild,204,204,179,179,198,207,166,182,215,215,203,203,195,195,207,209,176,184,220,220,208,208
ZFENP57,ENP,Wild,204,204,176,179,198,198,178,178,215,215,203,203,187,199,207,209,184,188,217,220,202,217
ZFENP58,ENP,Wild,204,222,173,173,198,219,166,182,215,215,203,203,187,197,207,211,188,188,217,217,202,211
ZFENP59,ENP,Wild,206,222,179,179,198,207,182,184,215,215,203,203,195,201,209,211,184,188,217,217,205,205
ZFENP60,ENP,Wild,204,220,173,179,198,207,166,182,215,215,203,203,199,199,209,213,186,188,217,220,205,205
ZFENP61,ENP,Wild,204,206,179,179,198,219,182,186,215,215,203,203,195,201,207,209,184,184,217,220,205,205
ZFFDSP01,FDSP,Wild,204,204,173,173,198,198,166,166,207,207,203,203,189,195,205,213,186,186,217,217,202,211
ZFFDSP02,FDSP,Wild,206,206,173,179,198,198,178,178,207,207,203,203,183,195,205,213,186,186,217,217,211,211
ZFFDSP04,FDSP,Wild,204,206,173,173,198,198,166,166,207,207,203,203,189,189,205,213,186,186,217,217,211,211
ZFFDSP05,FDSP,Wild,204,206,173,179,195,198,166,178,207,207,203,203,189,195,209,213,186,186,217,217,211,211
ZFFDSP06,FDSP,Wild,206,218,173,173,198,198,166,178,207,207,203,203,189,195,205,211,186,186,217,217,211,211
ZFFDSP07,FDSP,Wild,204,206,173,179,198,198,166,178,205,207,203,203,183,195,205,211,188,188,217,217,211,211
ZFFDSP08,FDSP,Wild,204,204,173,179,198,198,166,178,205,207,203,203,195,195,211,211,186,188,217,217,211,211
ZFFDSP10,FDSP,Wild,204,206,173,179,198,198,178,178,205,207,203,203,191,195,213,213,186,188,217,217,211,211
ZFFDSP11,FDSP,Wild,204,206,173,179,198,198,166,166,207,207,203,203,189,191,209,213,186,186,217,217,211,211
ZFFDSP12,FDSP,Wild,204,204,173,179,198,198,178,178,205,207,203,203,191,193,211,211,186,186,217,217,211,211
ZFFDSP13,FDSP,Wild,204,204,173,179,198,198,178,178,207,215,203,203,189,195,209,211,186,190,217,217,211,211
ZFFDSP14,FDSP,Wild,204,206,173,179,198,198,166,178,205,207,203,203,183,195,205,205,186,188,217,217,211,211
ZFFDSP16,FDSP,Wild,206,206,179,179,198,198,166,178,207,215,203,203,191,193,205,209,186,186,217,217,202,211
ZFFDSP17,FDSP,Wild,204,206,173,173,198,198,166,178,207,215,203,203,191,191,205,213,186,186,217,217,211,211
ZFFDSP18,FDSP,Wild,206,206,179,179,198,198,166,166,205,207,203,203,189,195,205,213,186,186,217,217,211,211
ZFFDSP19,FDSP,Wild,204,206,179,179,198,198,166,166,205,207,203,203,191,195,205,205,186,190,217,217,202,211
ZFFDSP21,FDSP,Wild,204,206,173,179,198,198,178,178,207,207,203,203,191,195,205,211,186,190,217,217,202,211
ZFFDSP22,FDSP,Wild,204,206,173,173,198,198,166,178,205,207,203,203,193,195,205,211,186,186,217,217,211,211
ZFFDSP23,FDSP,Wild,204,206,173,173,195,195,166,178,207,207,203,203,195,195,205,213,186,186,217,217,211,211
ZFFDSP24,FDSP,Wild,204,206,179,179,198,198,166,178,207,207,203,203,195,195,213,213,186,186,217,217,211,211
ZFFDSP26,FDSP,Wild,204,206,173,179,195,198,166,178,207,207,203,203,189,195,0,0,186,186,217,217,211,211
ZFFDSP27,FDSP,Wild,204,206,179,179,195,198,166,178,207,207,203,203,189,195,205,213,186,186,217,217,211,211
ZFFDSP28,FDSP,Wild,204,204,173,179,198,198,178,178,205,207,203,203,187,189,213,213,186,186,217,217,211,211
ZFFDSP30,FDSP,Wild,204,204,173,179,198,198,166,166,207,207,203,203,189,189,213,213,186,188,217,217,202,202
ZFFDSP31,FDSP,Wild,218,218,173,179,198,198,178,178,205,215,203,203,183,195,211,213,186,186,217,217,211,211
ZFFDSP32,FDSP,Wild,204,204,173,179,198,198,178,178,207,207,203,203,191,195,205,205,186,186,217,217,211,211
ZFFDSP33,FDSP,Wild,204,204,173,179,195,198,178,178,207,207,203,203,191,193,205,213,186,186,217,217,211,211
ZFFDSP34,FDSP,Wild,206,218,173,179,198,198,166,180,207,207,203,203,195,195,211,213,186,186,217,217,211,211
ZFFDSP35,FDSP,Wild,204,206,173,179,198,198,166,178,207,207,203,203,189,195,213,213,186,186,217,217,211,211
ZFFDSP37,FDSP,Wild,204,206,179,179,198,198,178,178,207,207,203,203,191,195,205,213,186,186,217,217,211,211
ZFFDSP38,FDSP,Wild,204,206,179,179,198,198,166,180,207,207,203,203,183,195,213,213,186,186,217,217,211,211
ZFFDSP39,FDSP,Wild,204,206,173,179,195,195,178,178,207,207,203,203,189,195,213,213,186,186,217,217,211,211
ZFFDSP40,FDSP,Wild,204,206,179,179,195,198,178,178,207,207,203,203,189,195,213,213,186,186,217,217,211,211
ZFFDSP42,FDSP,Wild,206,206,173,179,195,198,166,178,205,207,203,203,195,195,213,213,186,186,217,217,211,211
ZFFDSP43,FDSP,Wild,206,206,179,179,195,195,166,178,207,207,203,203,183,195,213,213,186,186,217,217,211,211
ZFFDSP44,FDSP,Wild,204,204,179,179,198,198,166,178,207,207,203,203,191,195,213,213,186,186,217,217,211,211
ZFFDSP45,FDSP,Wild,206,206,179,179,198,198,178,180,207,207,203,203,195,195,213,213,186,186,217,217,211,211
ZFFDSP46,FDSP,Wild,206,206,179,179,198,198,178,178,205,207,203,203,195,195,213,213,186,186,217,217,211,211
ZFFDSP47,FDSP,Wild,204,204,173,179,195,198,166,178,207,207,203,203,195,195,213,213,186,186,217,217,211,211
ZFFDSP48,FDSP,Wild,204,206,179,179,195,198,178,178,207,207,203,203,195,195,213,213,186,186,217,217,211,211
ZFI01,I,Wild,204,224,179,179,198,207,166,166,215,217,203,203,187,189,207,213,184,188,217,217,202,205
ZFI02,I,Wild,204,222,179,179,198,207,166,166,217,225,203,203,187,187,213,213,184,186,217,217,202,205
ZFI03,I,Wild,204,224,179,179,198,198,166,166,215,215,203,203,187,189,207,213,184,184,217,220,202,205
ZFI04,I,Wild,204,204,179,179,198,207,166,166,215,217,203,203,187,187,213,213,184,184,217,217,205,205
ZFI05,I,Wild,204,224,179,179,198,207,182,182,215,215,203,203,187,189,207,213,184,186,217,217,202,202
ZFI06,I,Wild,204,204,179,179,198,207,178,182,215,217,203,203,189,189,207,213,184,186,217,217,202,202
ZFI07,I,Wild,204,204,179,179,198,198,166,182,215,215,203,203,187,189,213,213,184,184,217,220,205,205
ZFI08,I,Wild,204,222,179,179,198,207,166,166,215,225,203,203,187,187,207,213,184,184,217,217,205,205
ZFI09,I,Wild,204,222,179,179,198,207,166,182,215,217,203,203,189,189,207,213,184,184,217,217,202,205
ZFI10,I,Wild,204,204,179,179,198,207,166,166,215,215,203,203,187,187,213,213,184,186,217,220,202,202
ZFI11,I,Wild,204,204,179,179,198,198,166,182,215,217,203,203,187,187,207,213,184,184,217,220,202,205
ZFI12,I,Wild,204,224,179,179,198,198,166,166,215,215,203,203,187,187,213,213,184,184,217,217,202,205
ZFI13,I,Wild,204,224,179,179,198,198,182,182,215,215,203,203,189,189,213,213,184,188,217,220,202,205
ZFI14,I,Wild,204,224,179,179,198,198,166,182,207,215,203,203,189,189,207,213,184,186,217,220,202,205
ZFI15,I,Wild,222,224,179,179,198,198,182,182,215,215,203,203,187,189,207,213,184,186,217,220,202,205
ZFI16,I,Wild,224,224,179,179,198,198,166,182,215,215,203,203,189,189,213,213,184,184,217,220,202,205
ZFI17,I,Wild,204,204,179,179,198,207,166,182,215,215,203,203,187,189,213,213,184,184,217,220,202,205
ZFI18,I,Wild,204,204,179,179,198,207,182,182,215,215,203,203,189,189,213,213,184,184,220,220,202,205
ZFI19,I,Wild,204,204,179,179,198,198,182,182,215,225,0,0,187,189,207,213,184,184,217,220,202,205
ZFI20,I,Wild,224,224,179,179,198,207,166,182,207,225,203,203,187,189,213,213,184,184,217,217,202,205
ZFI21,I,Wild,204,224,179,179,198,198,166,182,207,207,203,205,189,189,207,213,184,184,217,217,202,202
ZFI22,I,Wild,204,206,179,179,198,207,166,166,215,217,203,205,187,189,207,213,184,186,217,217,205,205
ZFI23,I,Wild,204,224,179,179,198,198,166,182,215,215,203,203,187,189,213,213,184,184,217,220,202,205
ZFI24,I,Wild,204,224,179,179,198,198,166,166,215,215,203,203,187,189,207,213,184,184,217,217,202,205
ZFI25,I,Wild,222,222,179,179,198,198,166,166,215,215,203,203,187,187,213,213,184,186,217,217,205,205
ZFI26,I,Wild,204,224,179,179,198,198,166,182,215,215,203,203,187,189,207,213,184,184,217,217,205,205
ZFI27,I,Wild,204,204,179,179,198,198,166,182,215,215,203,203,187,189,207,213,184,184,217,217,202,202
ZFK01,I,Wild,204,204,179,179,198,216,182,184,215,215,203,203,195,195,207,211,188,188,217,217,211,211
ZFK02,K,Wild,204,204,179,179,198,216,182,182,215,215,203,203,195,195,207,211,188,188,217,217,211,211
ZFK03,K,Wild,204,204,179,179,198,216,182,184,215,215,203,203,187,195,207,211,188,188,217,217,211,211
ZFK04,K,Wild,204,204,179,179,198,216,182,184,215,215,203,203,187,187,207,207,188,188,217,217,211,211
ZFK05,K,Wild,204,204,179,179,198,216,184,184,215,215,203,203,187,187,207,207,188,188,217,217,205,211
ZFK06,K,Wild,204,204,179,179,198,198,182,182,215,215,203,203,187,195,207,211,188,188,217,217,205,211
ZFK07,K,Wild,204,204,173,179,198,216,184,184,215,215,203,203,195,195,207,207,188,188,217,217,211,211
ZFK08,K,Wild,204,204,173,179,198,198,182,184,215,215,203,203,187,187,207,207,188,188,217,217,211,211
ZFK09,K,Wild,204,204,173,179,198,198,182,184,215,215,203,203,187,187,207,207,188,188,217,217,211,211
ZFK10,K,Wild,204,204,179,179,198,216,182,182,215,215,203,203,187,187,207,211,188,188,217,217,211,211
ZFK11,K,Wild,204,204,179,179,198,198,184,184,215,215,203,203,187,195,207,211,188,188,217,217,205,211
ZFK12,K,Wild,204,204,173,173,198,198,182,184,215,215,203,203,195,195,207,211,188,188,217,217,211,211
ZFK13,K,Wild,204,204,173,179,198,198,184,184,207,215,203,203,195,195,207,211,188,188,217,217,211,211
ZFK14,K,Wild,204,204,173,179,198,216,166,184,207,215,203,203,195,195,207,211,188,188,217,217,205,211
ZFK15,K,Wild,204,204,179,179,198,198,184,184,207,215,203,203,187,195,207,211,188,188,217,217,211,211
ZFK16,K,Wild,204,204,173,179,198,198,184,184,215,215,203,203,195,195,211,211,188,188,217,217,211,211
ZFLB01,LB,Wild,204,204,179,179,207,207,184,184,207,207,203,203,201,201,209,213,188,188,217,220,205,211
ZFLB02,LB,Wild,204,204,179,179,207,207,184,184,207,207,203,203,199,199,209,213,188,188,220,220,205,205
ZFLB03,LB,Wild,204,204,179,179,207,207,184,184,207,215,203,203,199,201,209,211,188,188,217,220,202,202
ZFLB04,LB,Wild,204,204,179,179,207,207,166,184,207,207,203,203,187,201,211,213,188,188,217,217,202,202
ZFLB05,LB,Wild,204,204,179,179,207,207,184,184,207,215,203,203,187,201,209,213,188,188,220,220,202,211
ZFLB06,LB,Wild,204,204,179,179,207,207,184,184,207,215,203,203,187,201,209,211,188,188,217,220,205,211
ZFLB07,LB,Wild,204,204,179,179,207,207,184,184,207,215,203,203,195,201,209,211,184,188,217,217,202,211
ZFLB08,LB,Wild,204,204,179,179,207,207,184,184,207,215,203,203,187,199,209,213,188,188,217,220,205,217
ZFLB09,LB,Wild,204,204,179,179,207,207,184,184,207,207,0,0,187,187,209,209,188,188,217,217,205,205
ZFLB10,LB,Wild,204,204,179,179,207,207,184,184,207,207,203,203,187,187,209,209,188,188,217,220,202,205
ZFLB11,LB,Wild,204,204,173,173,207,207,184,184,207,215,203,203,187,187,209,211,188,188,217,220,217,217
ZFLB12,LB,Wild,204,204,179,179,207,207,184,184,207,215,203,203,187,201,209,209,188,188,217,220,205,205
ZFLB13,LB,Wild,204,204,173,179,207,207,178,184,207,215,203,203,187,201,209,209,188,188,217,217,205,205
ZFLTI01,LTI,Wild,206,206,173,179,198,198,166,178,207,215,203,203,195,195,211,213,176,190,217,217,211,211
ZFLTI02,LTI,Wild,206,218,173,179,198,216,166,178,215,215,203,203,195,195,211,213,176,190,217,217,211,211
ZFLTI03,LTI,Wild,204,218,173,173,198,216,166,178,207,215,203,203,195,195,213,213,176,190,217,217,211,211
ZFLTI04,LTI,Wild,204,204,173,179,198,198,166,178,215,215,203,203,189,195,211,213,176,190,217,217,211,211
ZFLTI05,LTI,Wild,204,218,173,179,198,216,178,178,207,215,203,203,195,195,213,213,176,190,217,217,211,211
ZFLTI06,LTI,Wild,204,206,173,179,198,216,166,178,207,207,203,203,189,195,213,213,176,176,217,217,211,211
ZFLTI07,LTI,Wild,204,206,173,179,198,198,178,178,207,215,203,203,189,195,213,213,176,190,217,217,211,211
ZFLTI08,LTI,Wild,204,218,173,179,198,198,166,178,215,215,203,203,195,195,213,213,176,176,217,217,202,211
ZFLTI09,LTI,Wild,204,218,173,179,198,198,166,178,207,215,203,203,189,195,213,213,176,190,217,217,211,211
ZFLTI10,LTI,Wild,206,218,173,179,198,198,178,178,207,215,203,203,189,195,211,213,176,190,217,217,211,211
ZFLTI11,LTI,Wild,204,218,173,179,198,216,166,166,207,207,203,203,195,195,213,213,176,176,217,217,211,211
ZFLTI12,LTI,Wild,206,218,173,179,198,216,166,178,207,215,203,203,195,195,211,213,176,176,217,217,211,211
ZFLTI13,LTI,Wild,204,206,173,179,198,216,166,178,215,215,203,203,195,195,213,213,176,190,217,217,211,211
ZFLTI14,LTI,Wild,206,218,179,179,198,216,178,178,215,215,203,203,195,195,211,213,190,190,217,217,211,211
ZFONF101,ONF1,Wild,204,218,182,182,195,198,180,180,205,205,203,203,189,193,209,213,186,186,217,217,211,211
ZFONF102,ONF1,Wild,204,218,173,182,195,207,166,180,205,207,203,203,183,191,211,211,186,186,217,217,211,211
ZFONF103,ONF1,Wild,204,204,179,182,195,198,166,166,215,215,203,203,193,195,211,211,186,186,217,217,211,211
ZFONF104,ONF1,Wild,206,218,173,182,195,195,166,166,207,207,203,203,191,193,211,211,186,186,217,217,211,211
ZFONF105,ONF1,Wild,204,204,173,182,195,195,166,166,205,215,203,203,191,193,211,211,186,186,217,217,211,211
ZFONF106,ONF1,Wild,218,218,179,179,195,198,166,180,205,207,203,203,189,191,211,211,186,186,217,217,211,211
ZFONF107,ONF1,Wild,204,218,179,179,195,207,166,184,215,215,203,203,189,193,211,211,186,186,217,217,211,211
ZFONF108,ONF1,Wild,204,218,179,179,195,195,166,184,215,215,203,203,191,193,211,211,186,186,217,217,211,211
ZFONF109,ONF1,Wild,218,218,0,0,195,195,166,184,205,215,203,203,189,195,211,211,186,186,217,217,211,211
ZFONF110,ONF1,Wild,206,206,179,182,195,195,166,180,207,207,203,203,191,195,211,211,186,186,217,217,211,211
ZFONF111,ONF1,Wild,206,218,173,182,195,207,166,166,215,215,203,203,189,191,209,211,186,186,217,217,211,211
ZFONF112,ONF1,Wild,204,218,179,179,195,195,166,166,205,205,203,203,193,195,211,211,186,186,217,217,211,211
ZFONF113,ONF1,Wild,204,218,182,182,195,195,166,180,207,215,0,0,193,195,209,211,186,188,217,217,211,211
ZFONF114,ONF1,Wild,204,218,179,179,195,195,166,184,215,215,203,203,191,193,211,211,186,186,217,217,211,211
ZFONF115,ONF1,Wild,204,218,179,179,195,198,166,166,205,215,203,203,191,191,211,211,186,186,217,217,211,211
ZFONF116,ONF1,Wild,204,204,179,179,195,198,166,166,205,215,203,203,191,193,205,211,186,186,217,217,211,211
ZFONF117,ONF1,Wild,204,204,179,179,195,198,166,166,207,215,203,203,191,195,211,211,176,186,217,217,211,211
ZFONF118,ONF1,Wild,218,218,179,182,198,198,166,166,205,215,203,203,195,195,211,213,186,186,217,217,211,211
ZFONF119,ONF1,Wild,204,216,173,179,195,198,166,166,207,207,203,203,189,193,211,211,188,188,217,217,211,211
ZFONF120,ONF1,Wild,204,216,173,173,198,198,166,166,207,207,203,203,189,195,211,211,188,188,217,217,211,211
ZFONF121,ONF1,Wild,204,204,173,179,195,198,166,166,205,207,203,203,191,193,211,213,186,188,217,217,211,211
ZFONF122,ONF1,Wild,204,218,173,179,198,198,166,178,215,215,203,203,189,195,211,211,186,186,217,217,211,211
ZFONF123,ONF1,Wild,204,206,173,179,195,207,166,184,207,207,203,203,191,193,205,211,186,186,217,217,211,211
ZFONF124,ONF1,Wild,204,218,173,182,195,195,166,184,205,215,203,203,191,193,211,211,186,186,217,217,211,211
ZFONF125,ONF1,Wild,204,206,173,173,198,207,166,184,207,215,203,203,193,195,211,211,186,186,217,217,211,211
ZFONF126,ONF1,Wild,204,206,182,182,198,198,166,166,215,215,203,203,191,195,205,211,186,186,217,217,211,211
ZFONF201,ONF2,Wild,204,208,173,173,195,198,166,166,189,207,203,203,189,191,209,213,186,188,217,217,205,205
ZFONF202,ONF2,Wild,206,206,173,173,198,198,166,166,189,207,203,203,195,195,205,211,186,186,217,217,211,211
ZFONF203,ONF2,Wild,204,206,173,173,198,198,166,166,189,189,203,203,195,199,211,215,186,188,217,217,211,211
ZFONF204,ONF2,Wild,204,206,173,173,198,216,166,166,189,207,203,203,195,199,211,215,176,188,217,217,205,211
ZFONF206,ONF2,Wild,206,220,173,173,198,207,166,166,189,207,203,203,195,199,215,215,186,186,217,217,205,211
ZFONF207,ONF2,Wild,204,206,173,173,195,216,166,166,189,205,203,203,193,199,213,215,188,188,217,217,211,211
ZFONF208,ONF2,Wild,204,206,173,173,198,216,166,166,207,207,203,203,195,199,211,213,186,188,217,217,211,211
ZFONF209,ONF2,Wild,204,204,173,173,198,216,166,166,189,189,203,203,195,195,211,213,186,188,217,217,205,211
ZFONF210,ONF2,Wild,204,208,173,173,216,216,166,166,205,207,203,203,195,197,211,213,186,186,217,217,211,211
ZFONF211,ONF2,Wild,204,208,173,179,195,216,166,166,205,207,203,203,195,195,209,211,186,188,217,217,211,211
ZFONF212,ONF2,Wild,204,208,173,173,195,195,166,166,189,207,203,203,195,197,211,213,186,186,217,217,211,211
ZFONF214,ONF2,Wild,204,206,173,173,198,216,166,166,189,205,203,203,191,191,209,211,186,188,217,217,211,211
ZFONF215,ONF2,Wild,204,206,173,173,195,198,166,166,189,205,203,203,191,195,211,211,186,186,217,217,211,211
ZFONF216,ONF2,Wild,204,204,173,173,195,195,166,166,189,189,203,203,195,195,211,215,186,188,217,217,211,211
ZFONF217,ONF2,Wild,204,204,173,173,195,216,166,166,205,207,203,203,191,195,205,205,186,188,217,217,211,211
ZFONF218,ONF2,Wild,204,204,173,173,195,207,166,166,189,205,203,203,195,199,211,211,176,186,217,217,211,211
ZFONF219,ONF2,Wild,208,220,173,173,195,195,166,166,189,189,203,203,193,195,211,211,186,186,217,217,211,211
ZFONF220,ONF2,Wild,204,204,173,173,198,216,166,166,205,205,203,203,193,195,205,205,186,188,217,217,211,211
ZFONF222,ONF2,Wild,204,208,173,173,207,216,166,166,189,205,203,203,195,195,215,215,186,188,217,217,211,211
ZFONF223,ONF2,Wild,204,208,173,173,198,207,166,166,189,189,203,203,193,195,205,215,186,188,217,217,211,211
ZFONF224,ONF2,Wild,204,208,173,173,195,216,166,166,205,205,203,203,195,199,211,215,186,186,217,217,211,211
ZFONF225,ONF2,Wild,204,206,173,173,195,195,166,166,189,189,203,203,193,195,211,211,186,186,217,217,211,211
ZFONF226,ONF2,Wild,204,208,173,173,198,198,166,166,189,205,203,203,195,195,211,215,186,188,217,217,211,211
ZFONF227,ONF2,Wild,206,208,173,173,195,195,166,166,189,205,203,203,195,195,211,215,186,186,217,217,211,211
ZFONF228,ONF2,Wild,204,208,173,179,195,195,166,166,189,205,203,203,195,195,205,215,176,186,217,217,211,211
ZFONF230,ONF2,Wild,206,208,173,173,195,198,166,166,189,207,203,203,193,195,211,211,176,186,217,217,211,211
ZFONF231,ONF2,Wild,204,206,173,173,216,216,166,166,189,189,203,203,195,195,205,209,186,186,217,217,211,211
ZFONF232,ONF2,Wild,204,220,173,173,195,195,166,166,189,189,203,203,191,195,205,211,186,186,217,217,211,211
ZFONF233,ONF2,Wild,204,220,173,173,195,216,166,166,189,205,203,203,195,195,205,211,186,188,217,217,211,211
ZFONF234,ONF2,Wild,204,206,173,179,195,198,166,168,189,189,203,203,195,195,211,215,176,186,217,217,211,211
ZFONF235,ONF2,Wild,206,220,173,173,216,216,166,166,189,205,203,203,193,195,215,215,186,186,217,217,211,211
ZFONF236,ONF2,Wild,204,220,179,179,195,216,166,166,205,205,203,203,191,195,215,215,176,186,217,217,205,211
ZFONF238,ONF2,Wild,206,206,173,173,198,198,166,166,205,205,203,203,195,199,211,215,176,186,217,217,211,211
ZFONF239,ONF2,Wild,204,206,173,173,195,216,166,166,189,205,203,203,195,199,205,215,186,186,217,217,205,211
ZFONF240,ONF2,Wild,206,206,173,173,195,216,166,166,205,205,203,203,195,195,211,211,176,186,217,217,211,211
ZFONF241,ONF2,Wild,204,220,173,179,195,216,166,166,189,189,203,203,195,199,205,213,186,186,217,217,211,211
ZFONF242,ONF2,Wild,206,206,173,173,195,216,166,166,205,207,203,203,195,199,211,211,186,186,217,217,211,211
ZFONF243,ONF2,Wild,204,204,173,173,195,216,166,166,189,189,203,203,195,195,213,215,186,188,217,217,211,211
ZFONF244,ONF2,Wild,204,206,173,173,195,195,166,166,189,189,203,203,191,195,211,211,186,188,217,217,211,211
ZFONF245,ONF2,Wild,206,220,173,173,195,216,166,166,189,207,203,203,195,195,211,211,176,176,217,217,211,211
ZFOS01,OS,Wild,206,206,173,173,198,198,166,178,207,215,203,203,187,195,211,211,190,190,217,217,205,211
ZFOS02,OS,Wild,206,218,173,179,198,198,166,178,215,215,203,203,187,195,211,211,186,190,217,220,205,211
ZFOS03,OS,Wild,204,206,173,173,198,198,166,184,207,215,203,203,189,195,209,211,188,190,220,223,205,205
ZFOS04,OS,Wild,204,206,173,179,198,198,178,182,207,215,203,203,189,195,211,211,186,190,217,217,205,205
ZFOS05,OS,Wild,206,206,173,179,198,198,166,178,215,215,203,203,187,195,211,211,186,190,217,217,205,211
ZFOS06,OS,Wild,204,206,173,179,198,216,166,166,215,215,203,203,195,195,209,211,186,190,217,217,205,205
ZFOS07,OS,Wild,206,206,179,179,198,216,166,182,215,215,203,203,187,189,207,211,188,190,217,217,205,211
ZFOS08,OS,Wild,204,218,173,179,198,216,182,182,215,215,203,203,189,195,211,211,186,190,217,217,205,205
ZFOS09,OS,Wild,206,206,173,173,198,198,166,178,207,215,203,203,189,195,209,211,186,190,217,220,205,205
ZFOS10,OS,Wild,206,206,179,179,198,216,178,182,215,215,203,203,187,195,211,211,190,190,220,220,205,205
ZFOS11,OS,Wild,204,204,173,179,198,216,178,186,207,215,203,203,195,195,207,211,190,190,217,217,205,211
ZFOS12,OS,Wild,204,204,179,179,198,198,182,184,215,227,203,203,187,195,209,211,186,190,217,217,205,211
ZFOS13,OS,Wild,206,206,179,179,198,198,166,166,215,215,203,203,189,195,207,209,190,190,217,217,205,211
ZFOS14,OS,Wild,204,204,173,179,198,216,166,178,207,215,203,205,187,195,207,211,190,190,217,220,205,211
ZFOS15,OS,Wild,206,206,179,179,198,198,182,184,215,215,203,203,195,195,207,211,190,190,217,217,205,205
ZFOS16,OS,Wild,206,206,179,179,198,216,166,178,207,215,203,203,195,195,207,211,186,190,217,220,205,211
ZFOS17,OS,Wild,204,206,173,173,198,198,166,166,215,215,203,203,187,195,211,211,190,190,217,220,205,205
ZFOS18,OS,Wild,206,206,179,179,198,198,178,184,215,215,203,203,195,195,211,211,190,190,217,220,205,205
ZFOS19,OS,Wild,206,206,173,173,198,216,166,182,215,215,203,203,187,195,209,211,190,190,217,217,205,205
ZFOS20,OS,Wild,206,206,173,179,198,216,166,182,215,215,203,203,195,195,211,211,186,190,217,220,205,205
ZFOS21,OS,Wild,206,206,179,179,216,216,166,178,207,207,203,203,187,187,207,211,190,190,217,217,205,211
ZFOS22,OS,Wild,206,206,173,179,198,216,166,184,215,215,203,203,195,195,209,211,190,190,217,217,205,211
ZFOS23,OS,Wild,206,206,179,179,198,216,182,182,215,215,203,205,187,195,209,211,190,190,220,220,205,205
ZFOS24,OS,Wild,206,206,173,179,216,216,178,184,215,215,203,203,195,195,207,207,190,190,217,217,205,205
ZFOS25,OS,Wild,204,206,173,179,198,198,166,178,215,215,203,203,189,195,211,215,190,190,217,217,205,211
ZFOS26,OS,Wild,204,206,173,179,198,198,178,178,215,215,203,203,189,195,211,211,186,190,217,217,205,211
ZFOS27,OS,Wild,204,206,179,179,198,198,166,184,207,215,203,203,195,195,211,211,186,190,217,217,205,205
ZFOS28,OS,Wild,204,206,173,179,198,198,166,178,207,215,203,203,187,195,207,211,190,190,217,220,205,205
ZFOS29,OS,Wild,204,206,173,179,216,216,166,182,207,215,203,203,195,195,207,211,186,190,217,220,205,205
ZFOS30,OS,Wild,206,206,173,173,198,198,166,166,207,215,203,203,187,187,207,211,190,190,217,217,205,211
ZFOS31,OS,Wild,204,206,173,173,198,198,166,166,207,215,203,205,187,195,207,211,188,190,217,217,211,211
ZFOS32,OS,Wild,206,206,173,173,198,216,166,178,215,215,203,203,189,195,211,211,186,190,217,220,205,205
ZFPB01,PB,Wild,204,204,179,179,207,207,184,184,207,215,203,203,187,201,209,215,188,188,220,220,205,205
ZFPB02,PB,Wild,204,204,173,173,207,207,184,184,207,215,203,203,201,201,209,215,186,188,220,220,205,217
ZFPB03,PB,Wild,204,204,179,179,207,207,184,184,207,207,203,203,187,201,211,211,188,188,220,220,202,205
ZFPB04,PB,Wild,204,204,173,173,207,207,184,184,207,207,203,203,201,201,209,209,188,188,220,220,205,217
ZFPB05,PB,Wild,204,204,173,179,207,207,184,184,207,207,203,203,201,201,209,215,188,188,220,220,205,217
ZFPB06,PB,Wild,204,204,179,179,207,207,184,184,207,215,203,203,187,201,209,211,188,188,220,220,205,205
ZFPB07,PB,Wild,204,204,173,173,207,207,184,184,207,207,203,203,201,201,209,209,186,188,220,220,205,217
ZFPB08,PB,Wild,204,204,173,179,207,207,184,184,207,215,203,203,201,201,209,211,186,188,220,220,205,205
ZFPB09,PB,Wild,204,204,179,179,207,207,184,184,207,215,203,203,187,201,209,215,188,188,220,220,205,205
ZFPB10,PB,Wild,204,204,173,179,207,207,184,184,207,215,203,203,201,201,209,209,188,188,220,220,202,205
ZFPB11,PB,Wild,204,204,173,173,207,207,184,184,207,215,203,203,201,201,209,209,188,188,220,220,205,205
ZFPB12,PB,Wild,204,204,173,179,207,207,184,184,207,215,203,203,201,201,209,215,188,188,220,220,205,205
ZFPB13,PB,Wild,204,204,179,179,207,207,184,184,207,207,203,203,201,201,209,215,186,188,220,220,205,205
ZFPB14,PB,Wild,204,204,173,173,207,207,184,184,207,207,203,203,201,201,209,209,186,188,220,220,205,205
ZFPB15,PB,Wild,204,204,173,179,207,207,184,184,207,207,203,203,201,201,209,211,186,188,220,220,205,205
ZFPB16,PB,Wild,204,204,173,179,207,207,184,184,207,215,203,203,201,201,209,215,188,188,220,220,205,205
ZFPB17,PB,Wild,204,204,173,179,207,207,184,184,207,215,203,203,201,201,209,209,188,188,220,220,205,205
ZFPB18,PB,Wild,204,204,173,173,207,207,184,184,207,207,203,203,201,201,209,209,188,188,220,220,205,205
ZFPB19,PB,Wild,204,204,179,179,207,207,184,184,207,215,203,203,187,201,209,211,186,188,220,220,205,205
ZFPB20,PB,Wild,204,204,179,179,207,207,184,184,207,207,203,203,201,201,209,209,188,188,220,220,205,217
ZFPB21,PB,Wild,204,204,179,179,207,207,184,184,207,207,203,203,201,201,209,211,186,188,220,220,205,217
ZFPB22,PB,Wild,204,204,179,179,207,207,184,184,207,215,203,203,201,201,209,209,188,188,220,220,205,217
ZFPB23,PB,Wild,204,204,173,179,207,207,184,184,207,215,203,203,201,201,209,209,186,188,220,220,205,205
ZFSF01,SF,Wild,206,222,179,179,198,198,166,178,215,215,205,205,187,187,207,213,184,184,217,217,205,208
ZFSF02,SF,Wild,206,206,179,179,198,207,166,178,207,215,205,205,187,195,207,213,184,184,217,217,208,211
ZFSF03,SF,Wild,206,222,179,179,198,207,166,178,215,217,203,205,187,189,207,207,184,184,217,220,208,211
ZFSF04,SF,Wild,206,224,179,179,198,198,166,166,215,215,203,205,187,187,207,207,184,184,217,220,211,211
ZFSW101,SW1,Wild,204,206,179,179,198,198,178,182,215,217,203,203,189,189,205,205,184,186,217,220,211,211
ZFSW102,SW1,Wild,204,206,179,179,198,198,166,182,217,225,203,203,187,189,205,207,184,188,217,217,205,211
ZFSW103,SW1,Wild,204,206,179,179,195,198,178,182,215,215,203,203,187,189,205,213,184,184,217,220,205,211
ZFSW104,SW1,Wild,206,206,173,179,198,198,182,182,215,217,0,0,189,189,207,213,184,184,217,220,205,211
ZFSW105,SW1,Wild,204,206,179,179,198,198,166,182,215,225,203,203,189,189,205,205,186,186,217,220,205,211
ZFSW106,SW1,Wild,204,220,179,179,195,207,166,166,215,225,203,203,187,189,205,209,184,186,217,217,205,205
ZFSW107,SW1,Wild,204,204,179,179,198,198,166,182,217,217,203,203,187,189,205,205,184,188,217,220,205,211
ZFSW108,SW1,Wild,204,206,179,179,198,207,166,182,215,217,203,203,187,199,205,213,184,184,217,220,205,205
ZFSW109,SW1,Wild,206,206,179,179,195,198,166,166,215,217,203,203,187,187,205,207,184,184,220,220,205,205
ZFSW110,SW1,Wild,204,206,179,179,195,198,178,182,217,225,203,203,187,189,205,205,184,188,217,220,205,211
ZFSW111,SW1,Wild,206,206,179,179,198,198,166,178,215,217,203,203,187,189,205,205,186,188,217,220,211,211
ZFSW112,SW1,Wild,206,218,179,179,198,198,166,178,215,215,203,203,187,189,205,205,186,188,217,217,205,205
ZFSW113,SW1,Wild,206,206,179,179,198,198,178,182,215,225,203,203,189,189,209,213,184,186,217,217,205,211
ZFSW114,SW1,Wild,206,206,179,179,198,198,166,166,215,217,203,203,189,199,205,213,184,184,217,220,205,211
ZFSW115,SW1,Wild,206,220,179,179,198,198,166,186,215,225,203,203,189,189,205,207,184,184,217,217,205,211
ZFSW116,SW1,Wild,204,204,179,179,198,198,166,182,217,225,203,203,189,189,205,209,186,188,217,217,205,211
ZFSW117,SW1,Wild,204,206,179,179,195,198,166,182,217,225,203,203,189,189,205,209,184,188,217,217,205,211
ZFSW118,SW1,Wild,204,206,179,179,198,198,178,182,215,217,203,203,189,189,205,205,184,186,217,220,211,211
ZFSW119,SW1,Wild,206,206,179,179,198,198,166,182,215,227,203,203,187,187,205,207,184,184,217,220,205,205
ZFSW120,SW1,Wild,204,206,179,179,198,198,166,186,217,227,203,205,187,187,207,207,184,184,220,220,205,205
ZFSW121,SW1,Wild,206,206,173,179,198,198,166,182,225,225,203,203,187,187,205,207,184,184,220,220,211,211
ZFSW122,SW1,Wild,206,222,179,179,195,198,166,182,215,217,203,203,187,189,207,207,184,186,217,220,205,205
ZFSW123,SW1,Wild,218,222,179,179,198,207,166,182,215,217,203,203,187,189,205,207,184,186,217,220,205,205
ZFSW124,SW1,Wild,206,222,179,179,198,198,166,182,215,215,203,203,187,189,207,207,184,186,217,220,205,205
ZFSW201,SW2,Wild,204,204,179,179,198,207,166,166,215,215,203,203,187,187,207,213,184,184,217,220,205,205
ZFSW202,SW2,Wild,204,218,179,179,198,198,166,166,215,225,203,203,187,187,205,213,184,188,217,220,205,205
ZFSW203,SW2,Wild,204,206,179,179,198,207,166,166,215,215,203,203,187,187,205,207,184,184,217,220,205,205
ZFSW204,SW2,Wild,204,218,179,179,198,198,166,178,215,215,203,203,187,187,205,207,184,188,217,220,205,205
ZFSW205,SW2,Wild,204,218,179,179,198,198,166,178,215,215,203,203,187,189,213,213,184,184,217,220,205,205
ZFSW206,SW2,Wild,204,218,179,179,198,198,166,178,215,215,203,203,199,199,205,213,184,184,217,220,205,205
ZFSW207,SW2,Wild,218,218,179,179,195,198,166,182,215,215,203,203,187,199,205,213,184,184,217,220,205,205
ZFSW208,SW2,Wild,204,204,179,179,198,198,166,166,215,217,203,203,199,199,205,213,184,184,217,217,205,205
ZFSW209,SW2,Wild,204,220,179,179,198,198,166,178,215,215,203,203,187,199,205,213,184,184,217,220,205,205
ZFSW210,SW2,Wild,204,204,179,179,195,198,166,178,215,215,203,203,187,187,205,205,184,184,217,217,205,205
ZFSW211,SW2,Wild,204,204,179,179,198,198,178,178,215,215,203,203,187,199,205,213,184,184,217,217,205,205
ZFSW212,SW2,Wild,204,218,179,179,198,198,166,178,215,215,203,203,187,187,205,213,184,184,217,217,205,205
ZFSW213,SW2,Wild,204,218,179,179,198,198,166,166,215,215,203,203,187,187,205,205,184,184,217,217,205,205
ZFSW214,SW2,Wild,206,218,179,179,198,198,166,178,215,215,203,203,187,187,205,205,184,184,217,217,205,205
ZFSW215,SW2,Wild,206,218,179,179,198,207,166,166,215,215,203,203,187,189,205,205,184,184,217,220,205,205
ZFSW216,SW2,Wild,204,218,179,179,198,198,178,178,215,215,203,203,187,187,205,213,184,184,217,217,205,205
ZFSW217,SW2,Wild,204,206,179,179,198,198,166,166,215,215,203,203,187,187,205,213,184,184,217,220,205,205
ZFSW218,SW2,Wild,218,218,179,179,198,198,166,178,215,215,203,203,187,187,205,213,184,184,217,217,205,205
ZFSW219,SW2,Wild,204,218,179,179,198,198,178,178,215,215,203,203,187,199,205,207,184,188,217,217,205,205
ZFSW220,SW2,Wild,204,218,179,179,198,207,166,178,215,215,203,203,187,199,205,205,184,188,217,220,205,205
ZFSW221,SW2,Wild,204,204,179,179,198,198,166,178,215,215,203,203,187,199,205,213,184,184,217,217,205,205
ZFSW222,SW2,Wild,204,218,179,179,198,198,166,166,215,225,203,203,187,199,205,213,184,184,220,220,205,205
ZFSW223,SW2,Wild,204,218,179,179,198,207,166,166,215,215,203,203,199,199,205,205,184,188,217,220,205,205
ZFSW224,SW2,Wild,204,204,179,179,198,198,166,178,215,215,203,203,187,199,205,205,184,184,217,217,205,205
ZFSW225,SW2,Wild,204,218,179,179,198,207,166,178,215,215,203,203,187,187,213,213,184,184,217,217,205,205
ZFSW226,SW2,Wild,204,218,179,179,198,207,166,166,215,215,203,203,187,187,205,213,184,186,217,220,205,205
ZFSW227,SW2,Wild,204,218,179,179,198,198,166,178,215,215,203,203,187,187,205,213,184,184,217,220,205,205
ZFSW228,SW2,Wild,204,218,179,179,198,198,166,178,215,215,203,203,187,187,205,213,184,184,217,217,205,205
ZFSW229,SW2,Wild,204,218,179,179,198,198,166,178,215,215,203,203,187,199,213,213,184,184,217,220,205,205
ZFSW230,SW2,Wild,218,218,179,179,198,198,166,178,207,215,203,203,187,187,205,205,184,184,217,217,205,205
ZFSW231,SW2,Wild,204,204,179,179,198,198,166,178,215,215,203,203,187,199,205,213,184,184,217,220,205,205
ZFSW232,SW2,Wild,204,204,179,179,198,198,166,166,215,225,203,203,189,199,205,213,184,184,217,220,205,205
ZFSW233,SW2,Wild,204,206,179,179,198,207,166,178,215,215,203,203,187,199,205,205,184,184,220,220,205,211
ZFSW234,SW2,Wild,218,218,179,179,198,207,166,166,215,215,203,203,187,187,205,213,184,184,217,220,205,205
ZFSW235,SW2,Wild,204,218,179,179,198,198,166,166,215,215,203,203,187,199,213,213,184,188,217,217,205,205
ZFSW236,SW2,Wild,218,218,179,179,198,198,166,166,215,215,203,203,187,187,205,213,184,184,217,217,205,205
ZFSW237,SW2,Wild,204,206,179,179,198,198,166,166,215,215,203,203,187,199,205,207,184,184,217,217,205,205
ZFSW238,SW2,Wild,218,218,173,173,198,207,166,182,215,215,203,203,187,199,205,207,184,184,217,217,205,205
ZFSW239,SW2,Wild,218,218,179,179,198,198,166,178,207,217,203,203,187,187,205,213,184,184,217,220,205,205
ZFSW240,SW2,Wild,204,218,179,179,198,198,166,178,215,215,203,203,187,187,207,213,184,184,220,220,205,205
ZFTS01,TS,Wild,204,222,170,170,207,207,178,182,217,217,203,203,187,187,207,209,186,188,220,220,205,211
ZFTS02,TS,Wild,204,204,170,179,198,207,166,166,217,217,203,203,187,187,207,207,184,188,217,220,211,211
ZFTS03,TS,Wild,204,204,170,179,198,207,166,166,217,217,203,203,187,187,207,207,184,188,217,220,205,211
ZFTS04,TS,Wild,204,222,170,179,198,207,166,166,217,217,203,203,187,187,207,209,188,188,220,220,205,211
ZFTS05,TS,Wild,204,204,179,179,198,207,184,184,217,217,203,203,187,187,207,209,184,188,217,217,205,211
ZFTS06,TS,Wild,204,222,170,179,198,207,166,166,217,217,203,203,187,187,207,209,188,188,220,220,205,211
ZFTS07,TS,Wild,204,204,170,179,207,207,166,182,215,217,203,203,187,187,209,209,184,188,220,220,205,211
ZFTS08,TS,Wild,204,222,170,179,198,207,166,166,217,217,203,203,187,187,207,209,184,188,217,220,205,205
ZFTS09,TS,Wild,204,222,170,179,198,207,178,184,217,217,203,203,187,187,207,209,184,184,220,220,205,205
ZFTS10,TS,Wild,204,204,170,170,198,207,182,182,215,217,203,203,187,187,207,213,184,188,217,220,205,211
ZFTS11,TS,Wild,204,222,170,179,207,207,166,178,215,217,203,203,187,187,207,207,184,188,220,220,205,211
ZFTS12,TS,Wild,204,204,170,179,207,207,166,166,217,217,203,203,187,187,207,209,188,188,217,217,205,205
ZFTS13,TS,Wild,204,204,170,170,198,207,182,182,215,217,203,203,187,187,207,213,184,188,217,220,205,211
ZFTS14,TS,Wild,204,204,170,179,207,207,166,166,217,217,203,203,187,187,209,209,184,188,217,220,205,211
ZFTS15,TS,Wild,204,204,179,179,207,207,178,182,217,217,203,203,187,187,207,209,184,188,220,220,211,211
ZFTS16,TS,Wild,204,204,170,179,198,207,182,182,215,217,203,203,187,187,207,213,186,188,217,220,205,211
ZFTS17,TS,Wild,204,204,170,179,207,207,166,178,215,215,0,0,187,187,207,213,188,188,220,220,205,211
ZFTS18,TS,Wild,204,204,170,179,198,207,166,166,217,217,203,203,187,187,207,207,184,188,217,220,205,205
ZFTS19,TS,Wild,204,204,179,179,198,207,166,166,215,217,0,0,187,187,207,213,184,188,220,220,205,205
ZFTS20,TS,Wild,204,204,170,179,198,207,166,166,215,217,203,203,187,187,207,209,184,188,217,220,205,205
ZFTS21,TS,Wild,204,222,170,179,207,207,166,166,215,217,203,203,187,187,207,209,184,188,220,220,205,211
ZFTS22,TS,Wild,204,222,170,179,207,207,166,166,215,217,203,203,187,187,207,209,184,188,217,220,205,205
ZFTS23,TS,Wild,204,204,170,179,198,207,166,166,217,217,203,203,187,187,207,209,188,188,217,220,205,211
ZFTS24,TS,Wild,204,204,170,179,198,207,166,166,217,217,203,203,187,187,207,207,188,188,217,220,205,205
ZFTS25,TS,Wild,204,204,179,179,207,207,178,182,217,217,203,203,187,187,209,213,184,184,220,220,211,211
ZFTS26,TS,Wild,204,204,179,179,198,207,166,166,217,217,203,203,187,187,207,213,184,184,220,220,205,205
ZFTS27,TS,Wild,204,204,170,179,198,198,184,184,215,217,203,203,187,187,207,209,184,186,220,220,205,211
ZFTS28,TS,Wild,204,204,179,179,198,198,166,184,215,217,203,203,187,187,209,209,186,188,217,220,205,211
ZFTS29,TS,Wild,204,204,170,179,198,207,182,184,215,215,203,203,187,187,207,209,184,184,220,220,205,205
ZFTS30,TS,Wild,204,204,179,179,198,207,182,184,215,217,203,203,187,187,207,209,184,184,220,220,205,211
ZFTS31,TS,Wild,204,204,179,179,198,207,166,184,217,217,203,203,187,187,207,207,188,188,217,220,205,211
ZFTS32,TS,Wild,204,222,179,179,198,207,178,184,217,217,203,203,187,187,207,207,184,188,217,220,205,211
ZFTS33,TS,Wild,204,204,179,179,198,207,166,178,217,217,203,203,187,187,207,209,184,188,217,220,205,211
ZFTS34,TS,Wild,204,204,170,179,198,207,166,166,217,217,203,203,187,187,207,209,184,186,220,220,205,211
ZFTS35,TS,Wild,204,204,170,179,198,207,166,182,217,217,203,203,187,187,207,207,184,184,217,217,205,211
ZFTS36,TS,Wild,204,204,170,179,207,207,166,166,217,217,203,203,187,187,207,209,184,188,217,220,205,211
ZFTS37,TS,Wild,204,204,179,179,198,198,166,184,217,217,203,203,187,187,207,207,184,184,217,220,205,211
ZFTS38,TS,Wild,204,204,179,179,198,198,166,182,215,217,203,203,187,187,207,209,184,188,220,220,205,211
ZFTS39,TS,Wild,204,204,170,179,207,207,166,166,215,217,203,203,187,187,207,209,184,186,217,220,205,205
ZFTS40,TS,Wild,204,204,170,179,198,207,182,184,215,217,203,203,187,187,207,209,184,186,217,217,211,211
ZFTSP101,TSP1,Wild,204,206,179,179,195,198,178,178,207,215,203,203,195,195,211,211,186,186,217,217,202,211
ZFTSP102,TSP1,Wild,204,204,179,179,198,198,166,178,215,215,203,203,195,195,213,215,190,190,217,217,202,211
ZFTSP103,TSP1,Wild,204,206,173,179,195,198,178,178,215,215,203,203,195,195,211,213,190,190,217,217,202,202
ZFTSP104,TSP1,Wild,204,204,173,173,195,198,178,178,207,215,203,203,191,195,213,215,176,192,217,217,211,211
ZFTSP105,TSP1,Wild,204,204,173,173,198,198,166,178,207,215,203,203,195,195,213,213,190,190,217,217,202,202
ZFTSP106,TSP1,Wild,206,208,173,173,195,198,166,178,207,215,203,203,191,193,209,213,186,188,217,217,202,211
ZFTSP107,TSP1,Wild,204,206,173,182,195,198,166,178,215,215,203,203,195,195,209,215,176,190,217,217,202,211
ZFTSP108,TSP1,Wild,204,206,173,173,195,216,166,178,205,215,203,203,191,195,209,215,176,188,217,217,202,211
ZFTSP109,TSP1,Wild,204,206,173,173,198,198,166,178,215,215,203,203,191,195,209,215,176,176,217,217,211,211
ZFTSP110,TSP1,Wild,204,206,173,179,195,198,178,178,207,215,203,203,193,195,209,213,186,190,217,217,211,211
ZFTSP111,TSP1,Wild,204,204,179,182,195,198,178,178,207,215,203,203,195,195,211,213,186,190,217,217,211,211
ZFTSP112,TSP1,Wild,204,204,173,182,198,216,178,178,207,215,203,203,189,195,213,213,188,190,217,217,202,211
ZFTSP113,TSP1,Wild,204,206,173,179,195,198,166,178,215,215,203,203,191,195,209,215,176,192,217,217,211,211
ZFTSP114,TSP1,Wild,204,204,173,182,216,216,178,178,207,215,203,203,195,195,209,213,186,192,217,217,202,211
ZFTSP115,TSP1,Wild,204,206,173,182,198,198,166,178,207,207,203,203,195,195,213,215,188,190,217,217,202,211
ZFTSP116,TSP1,Wild,204,204,179,182,198,198,178,178,215,215,203,203,195,195,211,215,186,190,217,217,211,211
ZFTSP117,TSP1,Wild,204,204,179,179,195,195,178,178,207,207,203,203,189,195,213,215,176,190,217,217,211,211
ZFTSP118,TSP1,Wild,204,204,173,179,195,198,166,178,207,215,203,203,189,195,211,213,190,192,217,217,202,202
ZFTSP119,TSP1,Wild,204,208,173,179,195,198,166,166,207,207,203,203,195,195,211,215,176,184,217,217,202,211
ZFTSP120,TSP1,Wild,204,204,179,182,198,216,166,178,207,207,203,203,189,189,211,213,186,190,217,217,202,202
ZFTSP121,TSP1,Wild,204,204,179,179,195,207,166,178,215,215,203,203,195,195,213,215,176,190,217,217,202,211
ZFTSP122,TSP1,Wild,204,204,173,173,195,198,166,178,207,215,203,203,195,195,211,211,186,190,217,217,202,211
ZFTSP123,TSP1,Wild,204,204,173,173,195,195,178,178,207,207,203,203,189,195,209,215,186,190,217,217,211,211
ZFTSP124,TSP1,Wild,204,206,173,173,195,198,178,178,207,207,203,203,195,195,209,211,186,190,217,217,211,211
ZFTSP125,TSP1,Wild,204,206,173,173,195,195,166,178,207,207,203,203,195,195,209,215,176,186,217,217,202,211
ZFTSP126,TSP1,Wild,204,204,173,179,195,198,166,178,207,215,203,203,191,195,209,215,186,190,217,217,211,211
ZFTSP127,TSP1,Wild,204,204,173,173,195,198,166,178,207,207,203,203,195,195,209,211,176,190,217,217,211,211
ZFTSP128,TSP1,Wild,204,206,179,179,195,195,178,178,207,207,203,203,195,195,209,215,190,190,217,217,211,211
ZFTSP129,TSP1,Wild,204,206,173,173,195,198,178,178,207,215,203,203,189,195,211,211,186,190,217,217,211,211
ZFTSP130,TSP1,Wild,204,204,173,173,195,195,166,178,207,207,203,203,195,195,209,213,176,190,217,217,202,211
ZFTSP131,TSP1,Wild,204,206,173,173,195,198,178,178,207,207,203,203,195,195,213,213,186,190,217,217,202,211
ZFTSP132,TSP1,Wild,204,204,179,179,198,216,178,178,215,215,203,203,191,195,211,213,176,186,217,217,211,211
ZFTSP133,TSP1,Wild,204,206,173,173,198,216,166,166,207,207,203,203,195,195,211,211,176,186,217,217,202,211
ZFTSP134,TSP1,Wild,204,204,173,173,195,195,166,178,215,215,203,203,191,195,211,211,176,190,217,217,211,211
ZFTSP135,TSP1,Wild,204,204,173,173,198,198,166,178,207,207,203,203,195,195,213,213,186,190,217,217,202,202
ZFTSP136,TSP1,Wild,204,204,173,179,195,198,166,166,207,207,203,203,191,195,213,213,186,190,217,217,202,202
ZFTSP137,TSP1,Wild,204,204,173,179,207,216,166,166,207,215,203,203,191,195,209,213,186,190,217,217,202,211
ZFTSP138,TSP1,Wild,204,204,179,179,195,198,166,178,207,207,203,203,195,195,209,211,186,190,217,217,211,211
ZFTSP139,TSP1,Wild,204,204,173,173,195,195,166,178,207,207,203,203,195,195,211,213,186,186,217,217,202,211
ZFTSP140,TSP1,Wild,204,204,173,179,198,198,166,178,207,207,203,203,195,195,209,213,188,190,217,217,202,211
ZFTSP141,TSP1,Wild,204,204,173,179,195,195,166,166,215,215,203,203,195,195,213,213,186,188,217,217,202,211
ZFTSP142,TSP1,Wild,204,204,173,179,198,198,178,178,215,215,203,203,191,195,213,215,190,190,217,217,202,202
ZFTSP143,TSP1,Wild,204,206,173,179,195,198,166,178,207,215,203,203,195,195,213,213,186,190,217,217,211,211
ZFTSP144,TSP1,Wild,204,204,179,179,198,198,166,178,207,215,203,203,189,195,213,215,190,190,217,217,211,211
ZFTSP145,TSP1,Wild,204,204,173,179,195,195,166,178,207,215,203,203,195,195,211,213,190,190,217,217,202,211
ZFTSP146,TSP1,Wild,204,204,173,179,198,198,166,178,207,207,203,203,195,195,209,213,188,190,217,217,202,211
ZFTSP201,TSP2,Wild,204,204,173,173,198,216,166,178,207,215,203,203,191,193,0,0,186,188,217,217,211,211
ZFTSP202,TSP2,Wild,204,204,173,179,195,216,184,184,205,215,203,203,195,195,213,213,186,190,217,217,211,211
ZFTSP203,TSP2,Wild,204,204,179,179,198,216,178,178,207,215,203,203,191,193,211,213,186,186,217,217,211,211
ZFTSP204,TSP2,Wild,204,218,179,179,195,216,166,178,207,215,203,203,189,193,211,213,186,190,217,217,211,211
ZFTSP205,TSP2,Wild,204,204,179,179,198,216,178,184,207,215,203,203,193,195,205,213,186,190,217,217,211,211
ZFTSP206,TSP2,Wild,204,206,173,179,198,216,166,178,207,215,203,203,189,191,205,213,186,188,217,217,211,211
ZFTSP207,TSP2,Wild,204,206,173,179,198,198,178,178,207,215,203,203,189,193,205,213,186,186,217,217,211,211
ZFTSP208,TSP2,Wild,204,204,179,179,198,198,166,178,207,215,203,203,183,189,205,211,186,186,217,217,202,211
ZFTSP209,TSP2,Wild,204,204,173,179,198,198,166,166,207,207,203,203,195,195,211,213,186,190,217,217,211,211
ZFTSP210,TSP2,Wild,204,204,179,179,198,198,166,178,207,207,203,203,193,195,211,213,176,186,217,217,211,211
ZFTSP211,TSP2,Wild,204,204,173,179,195,198,178,184,207,215,203,203,189,191,213,213,190,190,217,217,211,211
ZFTSP212,TSP2,Wild,204,204,173,182,195,195,178,178,207,207,203,203,195,195,205,211,186,190,217,217,211,211
ZFTSP213,TSP2,Wild,204,204,173,179,195,195,178,178,207,207,203,203,193,195,209,209,186,190,217,217,202,211
ZFTSP214,TSP2,Wild,204,206,173,179,195,198,178,178,215,215,203,203,195,195,211,215,186,190,217,217,202,202
ZFTSP215,TSP2,Wild,204,204,179,179,198,216,178,180,207,215,203,203,195,195,211,213,186,190,217,217,202,211
ZFTSP216,TSP2,Wild,204,204,173,179,207,216,178,184,215,215,203,203,189,191,211,213,186,190,217,217,202,211
ZFTSP217,TSP2,Wild,204,204,173,179,198,198,178,178,207,207,203,203,193,195,209,215,176,186,217,217,202,211
ZFTSP218,TSP2,Wild,204,206,173,179,195,198,166,178,207,215,203,203,191,195,209,213,186,186,217,217,202,211
ZFTSP219,TSP2,Wild,204,206,173,179,198,198,166,178,207,215,203,203,195,195,213,213,186,188,217,217,202,211
ZFTSP220,TSP2,Wild,204,204,173,179,198,207,166,166,207,207,203,203,191,193,211,211,188,190,217,217,202,202
ZFTSP221,TSP2,Wild,204,204,173,179,195,216,178,180,215,215,203,203,191,193,213,215,186,188,217,217,211,211
ZFTSP222,TSP2,Wild,204,204,173,179,198,207,178,184,207,215,203,203,193,195,209,211,176,186,217,217,211,211
ZFTSP223,TSP2,Wild,204,204,173,182,195,195,178,178,207,207,203,203,195,195,209,213,186,190,217,217,202,202
ZFTSP224,TSP2,Wild,204,204,173,179,195,216,178,178,207,215,203,203,195,195,211,215,176,190,217,217,202,211
ZFTSP225,TSP2,Wild,204,204,173,173,195,195,166,178,215,215,203,203,193,195,213,213,186,186,217,217,202,211
ZFTSP226,TSP2,Wild,204,204,173,173,195,198,178,178,215,215,203,203,195,195,211,213,176,186,217,217,202,202
ZFTSP227,TSP2,Wild,204,206,179,179,198,198,166,184,207,207,203,203,193,195,209,211,176,186,217,217,211,211
ZFTSP228,TSP2,Wild,204,204,173,179,198,198,178,184,215,215,203,203,191,195,211,213,186,190,217,217,202,211
ZFW01,W,Wild,206,218,179,179,198,198,166,178,215,225,203,203,187,189,213,213,184,186,220,220,205,205
ZFW02,W,Wild,206,218,179,179,198,213,166,166,215,225,203,203,189,199,213,213,184,188,220,220,205,205
ZFW03,W,Wild,218,218,179,179,198,213,166,182,215,225,203,203,189,199,213,213,184,184,217,220,202,205
ZFW04,W,Wild,206,218,179,179,198,207,166,166,215,215,203,205,187,189,213,213,184,188,220,220,205,205
ZFW05,W,Wild,206,220,179,179,198,207,166,182,215,215,203,205,187,195,213,213,184,184,217,220,202,205
ZFW06,W,Wild,206,218,179,179,198,207,178,184,215,215,205,205,187,199,213,213,186,188,220,220,205,205
ZFWB01,WB,Wild,204,204,173,179,198,198,166,166,215,225,203,203,187,195,209,215,184,188,217,217,211,211
ZFWB02,WB,Wild,204,206,179,179,198,198,166,182,215,215,203,203,189,199,209,215,184,184,217,217,202,208
ZFWB03,WB,Wild,204,206,173,173,198,198,166,166,215,215,203,205,195,195,209,213,184,184,217,217,208,208
ZFWB05,WB,Wild,204,204,173,173,195,198,166,166,225,225,203,203,187,187,207,209,184,186,217,220,208,211
ZFWB06,WB,Wild,204,204,179,179,198,198,166,166,215,225,203,203,187,195,209,215,184,184,217,217,211,211
ZFWB07,WB,Wild,204,206,173,179,198,207,166,166,215,225,203,203,195,199,209,215,184,188,217,217,208,211
ZFWB10,WB,Wild,204,204,173,173,195,198,166,166,215,225,203,205,187,187,209,215,184,188,217,220,211,211
ZFWB11,WB,Wild,204,204,173,173,198,207,166,166,215,227,203,203,187,195,209,209,184,188,217,217,208,211
ZFWB12,WB,Wild,204,206,173,173,198,198,166,166,215,215,203,205,195,195,209,213,184,184,217,217,202,208
ZFWB13,WB,Wild,204,206,173,173,195,198,166,166,215,225,0,0,187,195,209,211,184,188,217,217,202,208
ZFWB14,WB,Wild,204,204,173,173,198,198,166,178,215,225,203,203,187,195,209,215,184,184,217,217,211,211
ZFWB15,WB,Wild,204,206,0,0,198,207,166,166,215,225,203,205,195,199,209,213,184,188,217,217,211,211
ZFWB18,WB,Wild,204,204,173,173,198,198,166,178,215,225,203,203,195,195,209,209,184,188,217,217,208,211
ZFWB19,WB,Wild,204,206,173,179,198,207,166,182,215,225,203,205,195,199,209,209,184,184,217,217,208,211
ZFWB20,WB,Wild,204,204,173,179,198,198,178,178,225,225,203,205,187,195,209,215,184,188,217,217,208,211
ZFWB21,WB,Wild,204,206,173,179,198,198,166,178,215,215,203,205,195,199,209,209,188,188,217,217,208,211
ZFWB22,WB,Wild,204,204,173,179,198,198,178,178,215,225,203,205,187,195,209,213,184,188,217,217,202,211
ZFWB23,WB,Wild,204,206,179,179,195,198,166,166,215,225,203,203,195,195,209,215,188,188,217,217,211,211
ZFWB24,WB,Wild,204,204,173,173,198,198,178,182,215,225,205,205,195,195,215,215,184,188,217,217,211,211
ZFWB25,WB,Wild,204,204,173,179,198,198,166,178,215,225,203,205,187,187,209,215,184,188,217,217,211,211
ZFWB26,WB,Wild,204,204,173,179,198,198,178,178,215,225,203,203,187,195,209,213,184,184,217,217,208,208
ZFWB27,WB,Wild,204,204,179,179,198,198,166,178,215,215,203,203,195,199,209,209,184,184,217,217,208,211
ZFWB29,WB,Wild,204,206,173,173,198,207,166,182,215,225,203,205,187,195,207,213,184,184,217,217,208,211
ZFWB30,WB,Wild,204,206,173,173,198,207,166,182,215,227,203,203,195,195,207,209,184,188,217,217,208,211
ZFWB31,WB,Wild,204,204,173,173,198,198,166,178,215,215,203,203,195,195,209,209,184,184,217,217,208,211
ZFWB32,WB,Wild,204,206,173,179,198,198,166,166,215,215,203,203,0,0,209,209,184,184,217,220,208,211
ZFWB35,WB,Wild,204,204,173,173,198,198,166,178,215,215,203,203,195,195,209,209,184,184,217,217,208,208
ZFWB36,WB,Wild,204,204,173,179,198,198,166,166,215,215,203,203,195,199,209,213,184,188,217,217,208,208
ZFWB37,WB,Wild,204,204,173,179,198,198,166,178,215,227,203,203,195,195,209,213,184,184,217,217,208,208
ZFWB38,WB,Wild,204,204,173,173,198,198,166,178,215,225,203,203,187,199,209,213,184,184,217,217,208,211
ZFWB39,WB,Wild,204,204,0,0,198,198,166,166,215,215,203,203,195,195,209,209,184,188,217,217,208,211
ZFWB40,WB,Wild,204,206,173,173,198,207,166,166,215,225,203,203,195,195,207,209,184,188,217,217,208,211
ZFWB41,WB,Wild,204,206,0,0,198,207,166,166,215,225,203,203,195,195,209,213,184,188,217,217,208,211
ZFWB42,WB,Wild,204,204,173,173,198,198,166,166,215,225,203,203,195,195,209,209,184,184,217,217,208,211
ZFWB43,WB,Wild,204,204,173,173,198,198,166,178,215,215,203,203,195,199,209,209,184,184,217,217,208,208
ZFWB44,WB,Wild,204,204,179,179,198,198,166,178,215,215,203,203,199,199,209,213,184,184,217,217,205,208
ZFWB46,WB,Wild,204,204,173,173,198,198,166,182,215,215,203,203,195,199,207,209,184,184,217,217,208,211
ZFWB47,WB,Wild,204,206,0,0,198,198,166,166,215,215,203,203,195,199,209,213,184,184,217,220,208,211
ZFWB48,WB,Wild,204,204,173,173,198,198,166,182,189,215,203,203,195,195,207,209,184,188,217,217,208,211
ZFWB49,WB,Wild,204,204,173,173,198,198,166,166,215,215,203,203,191,195,207,209,176,184,217,217,208,211
